date,close_raw
2010-01-04,5.89
2010-01-05,6.0
2010-01-06,5.87
2010-01-07,5.73
2010-01-08,5.82
2010-01-11,5.91
2010-01-12,5.99
2010-01-13,6.01
2010-01-14,6.12
2010-01-15,6.09
2010-01-18,6.3
2010-01-19,6.25
2010-01-20,6.06
2010-01-21,6.67
2010-01-22,6.86
2010-01-25,6.55
2010-01-26,6.18
2010-01-27,6.01
2010-01-28,6.08
2010-01-29,6.12
2010-02-01,5.92
2010-02-02,5.82
2010-02-03,6.24
2010-02-04,6.64
2010-02-05,6.4
2010-02-08,7.04
2010-02-09,6.84
2010-02-10,6.69
2010-02-11,6.65
2010-02-12,6.75
2010-02-22,7.18
2010-02-23,7.27
2010-02-24,7.41
2010-02-25,7.42
2010-02-26,7.47
2010-03-01,7.47
2010-03-02,7.52
2010-03-03,7.68
2010-03-04,7.23
2010-03-05,7.26
2010-03-08,7.31
2010-03-09,7.51
2010-03-10,7.29
2010-03-11,7.1
2010-03-12,6.91
2010-03-15,6.99
2010-03-16,7.05
2010-03-17,7.16
2010-03-18,7.19
2010-03-19,7.2
2010-03-22,7.19
2010-03-23,7.17
2010-03-24,7.09
2010-03-25,6.86
2010-03-26,7.17
2010-03-29,7.22
2010-03-30,7.27
2010-03-31,7.19
2010-04-01,7.23
2010-04-02,7.21
2010-04-06,7.35
2010-04-07,7.24
2010-04-08,7.14
2010-04-09,7.18
2010-04-12,7.33
2010-04-13,7.6
2010-04-14,7.58
2010-04-15,7.54
2010-04-16,7.38
2010-04-19,6.81
2010-04-20,6.83
2010-04-21,6.96
2010-04-22,6.82
2010-04-23,6.83
2010-04-26,6.73
2010-04-27,6.39
2010-04-28,6.21
2010-04-29,6.01
2010-04-30,5.81
2010-05-04,5.79
2010-05-05,5.96
2010-05-06,5.76
2010-05-07,5.63
2010-05-10,5.63
2010-05-11,5.5
2010-05-12,5.54
2010-05-13,5.63
2010-05-14,5.62
2010-05-17,5.06
2010-05-18,5.0
2010-05-19,4.92
2010-05-20,4.94
2010-05-21,4.96
2010-05-24,5.14
2010-05-25,5.09
2010-05-26,5.13
2010-05-27,5.2
2010-05-28,5.24
2010-05-31,5.33
2010-06-01,5.17
2010-06-02,5.32
2010-06-03,5.23
2010-06-04,5.24
2010-06-07,5.34
2010-06-08,5.42
2010-06-09,5.45
2010-06-10,5.31
2010-06-17,5.45
2010-06-18,5.12
2010-06-21,5.24
2010-06-22,5.29
2010-06-23,5.23
2010-06-24,5.25
2010-06-25,5.15
2010-06-28,5.13
2010-06-29,4.78
2010-06-30,4.6
2010-07-01,4.53
2010-07-02,4.64
2010-07-05,4.69
2010-07-06,4.79
2010-07-07,4.78
2010-07-08,4.75
2010-07-09,4.9
2010-07-12,4.92
2010-07-13,4.75
2010-07-14,4.93
2010-07-15,4.86
2010-07-16,4.83
2010-07-19,4.97
2010-07-20,5.14
2010-07-21,5.24
2010-07-22,5.26
2010-07-23,5.18
2010-07-26,5.2
2010-07-27,5.2
2010-07-28,5.34
2010-07-29,5.38
2010-07-30,5.37
2010-08-02,5.51
2010-08-03,5.32
2010-08-04,5.39
2010-08-05,5.38
2010-08-06,5.45
2010-08-09,5.53
2010-08-10,5.28
2010-08-11,5.32
2010-08-12,5.22
2010-08-13,5.3
2010-08-16,5.39
2010-08-17,5.52
2010-08-18,5.48
2010-08-19,5.62
2010-08-20,5.43
2010-08-23,5.48
2010-08-24,5.6
2010-08-25,5.48
2010-08-26,5.65
2010-08-27,5.66
2010-08-30,5.7
2010-08-31,5.58
2010-09-01,5.48
2010-09-02,5.53
2010-09-03,5.65
2010-09-06,5.69
2010-09-07,5.69
2010-09-08,5.71
2010-09-09,5.71
2010-09-10,5.96
2010-09-13,5.96
2010-09-14,5.88
2010-09-15,5.85
2010-09-16,5.59
2010-09-17,5.56
2010-09-20,5.44
2010-09-21,5.44
2010-09-27,5.54
2010-09-28,5.41
2010-09-29,5.58
2010-09-30,5.57
2010-10-08,5.68
2010-10-11,5.82
2010-10-12,5.83
2010-10-13,5.78
2010-10-14,5.65
2010-10-15,5.68
2010-10-18,5.88
2010-10-19,5.93
2010-10-20,6.02
2010-10-21,5.9
2010-10-22,5.99
2010-10-25,6.11
2010-10-26,6.04
2010-10-27,5.89
2010-10-28,5.99
2010-10-29,5.9
2010-11-01,5.98
2010-11-02,5.88
2010-11-03,5.89
2010-11-04,5.98
2010-11-05,6.09
2010-11-08,6.23
2010-11-09,6.31
2010-11-10,6.38
2010-11-11,6.21
2010-11-12,5.8
2010-11-15,5.93
2010-11-16,5.71
2010-11-17,5.63
2010-11-18,5.67
2010-11-19,5.69
2010-11-22,5.73
2010-11-23,5.57
2010-11-24,6.13
2010-11-25,6.74
2010-11-26,6.64
2010-11-29,7.3
2010-11-30,7.37
2010-12-01,6.91
2010-12-02,7.12
2010-12-03,6.86
2010-12-06,6.9
2010-12-07,6.8
2010-12-08,6.77
2010-12-09,6.59
2010-12-10,6.65
2010-12-13,6.8
2010-12-14,7.02
2010-12-15,7.0
2010-12-16,7.03
2010-12-17,6.95
2010-12-20,6.83
2010-12-21,6.88
2010-12-22,6.84
2010-12-23,6.99
2010-12-24,7.0
2010-12-27,6.56
2010-12-28,6.23
2010-12-29,6.33
2010-12-30,6.41
2010-12-31,6.49
2011-01-04,6.72
2011-01-05,7.39
2011-01-06,8.13
2011-01-07,8.29
2011-01-10,7.73
2011-01-11,7.48
2011-01-12,7.45
2011-01-13,7.3
2011-01-14,7.28
2011-01-17,6.72
2011-01-18,6.79
2011-01-19,6.95
2011-01-20,6.94
2011-01-21,7.1
2011-01-24,7.4
2011-01-25,7.26
2011-01-26,7.4
2011-01-27,7.2
2011-01-28,7.35
2011-01-31,7.58
2011-02-01,7.94
2011-02-09,8.41
2011-02-10,8.52
2011-02-11,8.35
2011-02-14,8.39
2011-02-15,8.71
2011-02-16,8.77
2011-02-17,8.9
2011-02-18,8.54
2011-02-21,9.14
2011-02-22,9.12
2011-02-23,9.64
2011-02-24,9.99
2011-02-25,10.99
2011-02-28,11.31
2011-03-01,12.44
2011-03-02,12.06
2011-03-03,11.33
2011-03-04,11.4
2011-03-07,11.27
2011-03-08,12.24
2011-03-09,13.17
2011-03-10,13.38
2011-03-11,13.83
2011-03-14,14.84
2011-03-15,14.18
2011-03-16,13.73
2011-03-17,13.93
2011-03-18,13.99
2011-03-21,14.47
2011-03-22,14.95
2011-03-23,14.25
2011-03-24,14.25
2011-03-25,13.92
2011-03-28,13.81
2011-03-29,12.67
2011-03-30,12.7
2011-03-31,12.52
2011-04-01,12.7
2011-04-06,12.51
2011-04-07,12.27
2011-04-08,12.64
2011-04-11,13.19
2011-04-12,12.89
2011-04-13,13.06
2011-04-14,13.16
2011-04-15,13.04
2011-04-18,14.34
2011-04-19,14.89
2011-04-20,14.56
2011-04-21,14.16
2011-04-22,14.23
2011-04-25,13.33
2011-04-26,12.84
2011-04-27,12.67
2011-04-28,11.91
2011-04-29,12.17
2011-05-03,12.11
2011-05-04,12.36
2011-05-05,12.07
2011-05-06,12.21
2011-05-09,12.25
2011-05-10,12.42
2011-05-11,12.11
2011-05-12,11.04
2011-05-13,11.14
2011-05-16,11.01
2011-05-17,11.05
2011-05-18,11.28
2011-05-19,10.99
2011-05-20,10.81
2011-05-23,10.02
2011-05-24,10.01
2011-05-25,9.89
2011-05-26,9.56
2011-05-27,9.25
2011-05-30,9.18
2011-05-31,9.45
2011-06-01,9.55
2011-06-02,9.58
2011-06-03,9.59
2011-06-07,9.72
2011-06-08,9.69
2011-06-10,9.59
2011-06-13,9.53
2011-06-14,10.48
2011-06-15,10.81
2011-06-16,10.34
2011-06-17,9.5
2011-06-20,8.72
2011-06-21,8.9
2011-06-22,9.02
2011-06-23,9.19
2011-06-24,9.48
2011-06-27,10.03
2011-06-28,9.89
2011-06-29,9.85
2011-06-30,9.91
2011-07-01,9.92
2011-07-04,10.27
2011-07-05,10.32
2011-07-06,10.51
2011-07-07,10.19
2011-07-08,10.0
2011-07-11,10.5
2011-07-12,10.25
2011-07-13,10.48
2011-07-14,10.5
2011-07-15,11.06
2011-07-18,10.84
2011-07-19,10.93
2011-07-20,10.81
2011-07-21,10.35
2011-07-22,10.38
2011-07-25,9.61
2011-07-26,9.71
2011-07-27,9.87
2011-07-28,9.85
2011-07-29,9.53
2011-08-01,9.62
2011-08-02,9.39
2011-08-03,9.28
2011-08-04,9.37
2011-08-05,9.01
2011-08-08,8.18
2011-08-09,8.16
2011-08-10,8.29
2011-08-11,8.52
2011-08-12,8.59
2011-08-15,8.92
2011-08-16,8.85
2011-08-17,8.82
2011-08-18,8.55
2011-08-19,8.44
2011-08-22,8.49
2011-08-23,8.66
2011-08-24,8.68
2011-08-25,8.92
2011-08-26,8.95
2011-08-29,9.0
2011-08-30,8.95
2011-08-31,9.22
2011-09-01,8.82
2011-09-02,8.47
2011-09-05,8.18
2011-09-06,8.16
2011-09-07,8.35
2011-09-08,8.28
2011-09-09,8.14
2011-09-13,7.97
2011-09-14,8.04
2011-09-15,8.11
2011-09-16,8.11
2011-09-19,8.26
2011-09-20,8.23
2011-09-21,8.51
2011-09-22,8.15
2011-09-23,8.26
2011-09-26,8.22
2011-09-27,8.45
2011-09-28,8.02
2011-09-29,7.6
2011-09-30,7.58
2011-10-10,7.63
2011-10-11,7.64
2011-10-12,8.0
2011-10-13,8.21
2011-10-14,8.13
2011-10-17,8.14
2011-10-18,7.94
2011-10-19,7.73
2011-10-20,7.51
2011-10-21,7.75
2011-10-24,7.84
2011-10-25,8.04
2011-10-26,8.08
2011-10-27,8.0
2011-10-28,8.23
2011-10-31,8.27
2011-11-01,8.18
2011-11-02,8.25
2011-11-03,8.28
2011-11-04,8.29
2011-11-07,8.44
2011-11-08,8.3
2011-11-09,8.41
2011-11-10,8.32
2011-11-11,8.44
2011-11-14,8.67
2011-11-15,9.19
2011-11-16,8.81
2011-11-17,8.84
2011-11-18,8.35
2011-11-21,8.45
2011-11-22,8.54
2011-11-23,8.53
2011-11-24,8.71
2011-11-25,8.67
2011-11-28,8.9
2011-11-29,8.9
2011-11-30,8.72
2011-12-01,9.47
2011-12-02,8.86
2011-12-05,8.38
2011-12-06,8.58
2011-12-07,8.7
2011-12-08,8.34
2011-12-09,8.33
2011-12-12,8.08
2011-12-13,7.56
2011-12-14,7.35
2011-12-15,6.91
2011-12-16,7.05
2011-12-19,6.85
2011-12-20,7.02
2011-12-21,6.68
2011-12-22,6.47
2011-12-23,6.53
2011-12-26,6.58
2011-12-27,6.36
2011-12-28,6.25
2011-12-29,6.27
2011-12-30,6.37
2012-01-04,6.07
2012-01-05,5.7
2012-01-06,5.79
2012-01-09,6.12
2012-01-10,6.58
2012-01-11,6.48
2012-01-12,6.56
2012-01-13,6.21
2012-01-16,5.83
2012-01-17,6.21
2012-01-18,6.18
2012-01-19,6.19
2012-01-20,6.22
2012-01-30,6.18
2012-01-31,6.15
2012-02-01,6.19
2012-02-02,6.27
2012-02-03,6.39
2012-02-06,6.55
2012-02-07,6.42
2012-02-08,6.55
2012-02-10,6.62
2012-02-13,6.73
2012-02-14,6.8
2012-02-15,6.86
2012-02-16,7.0
2012-02-17,6.97
2012-02-20,6.91
2012-02-21,7.13
2012-02-22,7.16
2012-02-23,7.16
2012-02-24,7.25
2012-02-27,7.2
2012-02-28,7.13
2012-02-29,7.35
2012-03-01,7.2
2012-03-02,7.33
2012-03-05,7.56
2012-03-06,7.48
2012-03-07,7.27
2012-03-08,7.32
2012-03-09,7.37
2012-03-12,7.45
2012-03-13,7.47
2012-03-14,7.31
2012-03-15,7.6
2012-03-16,7.63
2012-03-19,7.67
2012-03-20,7.41
2012-03-21,7.25
2012-03-22,7.14
2012-03-23,6.98
2012-03-26,6.92
2012-03-27,6.9
2012-03-28,6.41
2012-03-29,6.24
2012-03-30,6.25
2012-04-05,6.43
2012-04-06,6.49
2012-04-09,6.4
2012-04-10,6.51
2012-04-11,6.52
2012-04-12,6.71
2012-04-13,6.75
2012-04-16,6.8
2012-04-17,7.04
2012-04-18,7.08
2012-04-19,7.08
2012-04-20,7.2
2012-04-23,7.07
2012-04-24,6.76
2012-04-25,7.02
2012-04-26,6.91
2012-04-27,6.58
2012-05-02,6.62
2012-05-03,6.72
2012-05-04,6.73
2012-05-07,6.74
2012-05-08,6.66
2012-05-09,6.56
2012-05-10,6.54
2012-05-11,6.7
2012-05-14,6.75
2012-05-15,6.61
2012-05-16,6.73
2012-05-17,6.9
2012-05-18,6.58
2012-05-21,6.46
2012-05-22,6.54
2012-05-23,6.44
2012-05-24,6.27
2012-05-25,6.2
2012-05-28,6.22
2012-05-29,6.34
2012-05-30,6.36
2012-05-31,6.33
2012-06-01,6.29
2012-06-04,6.06
2012-06-05,6.02
2012-06-06,5.95
2012-06-07,5.87
2012-06-11,5.94
2012-06-12,6.02
2012-06-13,6.1
2012-06-14,6.07
2012-06-15,6.13
2012-06-18,6.13
2012-06-19,6.13
2012-06-20,6.04
2012-06-21,5.9
2012-06-25,5.78
2012-06-26,5.77
2012-06-27,5.67
2012-06-28,5.53
2012-06-29,5.61
2012-07-02,5.68
2012-07-03,5.69
2012-07-04,5.67
2012-07-05,5.51
2012-07-06,5.61
2012-07-09,6.01
2012-07-10,5.98
2012-07-11,5.95
2012-07-12,6.09
2012-07-13,6.1
2012-07-16,5.87
2012-07-17,6.01
2012-07-18,6.06
2012-07-19,6.15
2012-07-20,5.98
2012-07-23,6.17
2012-07-24,6.79
2012-07-25,7.12
2012-07-26,7.56
2012-07-27,6.92
2012-07-30,6.5
2012-07-31,6.52
2012-08-01,6.61
2012-08-02,6.53
2012-08-03,6.89
2012-08-06,6.93
2012-08-07,6.85
2012-08-08,7.01
2012-08-09,7.05
2012-08-10,6.84
2012-08-13,6.52
2012-08-14,6.61
2012-08-15,6.62
2012-08-16,6.59
2012-08-17,6.49
2012-08-20,6.57
2012-08-21,6.59
2012-08-22,6.4
2012-08-23,6.39
2012-08-24,6.27
2012-08-27,6.01
2012-08-28,6.04
2012-08-29,5.96
2012-08-30,5.69
2012-08-31,5.72
2012-09-03,5.79
2012-09-04,5.7
2012-09-05,5.7
2012-09-06,5.79
2012-09-07,6.15
2012-09-10,6.24
2012-09-11,6.12
2012-09-12,6.13
2012-09-13,5.98
2012-09-14,5.98
2012-09-17,5.69
2012-09-18,5.71
2012-09-19,5.78
2012-09-20,5.55
2012-09-21,5.56
2012-09-24,5.62
2012-09-25,5.56
2012-09-26,5.54
2012-09-27,5.6
2012-09-28,5.71
2012-10-08,5.69
2012-10-09,5.82
2012-10-10,5.97
2012-10-11,5.83
2012-10-12,5.8
2012-10-15,5.73
2012-10-16,5.72
2012-10-17,5.72
2012-10-18,5.82
2012-10-19,5.74
2012-10-22,5.82
2012-10-23,5.84
2012-10-24,5.96
2012-10-25,5.83
2012-10-26,5.71
2012-10-29,5.6
2012-10-30,5.58
2012-10-31,5.6
2012-11-01,5.68
2012-11-02,5.71
2012-11-05,5.68
2012-11-06,5.59
2012-11-07,5.6
2012-11-08,5.45
2012-11-09,5.43
2012-11-12,5.4
2012-11-13,5.31
2012-11-14,5.32
2012-11-15,5.18
2012-11-16,5.11
2012-11-19,5.12
2012-11-20,5.09
2012-11-21,5.17
2012-11-22,5.15
2012-11-23,5.16
2012-11-26,5.18
2012-11-27,4.96
2012-11-28,4.8
2012-11-29,4.68
2012-11-30,4.74
2012-12-03,4.68
2012-12-04,4.73
2012-12-05,4.86
2012-12-06,4.9
2012-12-07,5.0
2012-12-10,5.05
2012-12-11,4.98
2012-12-12,5.06
2012-12-13,4.91
2012-12-14,5.1
2012-12-17,5.15
2012-12-18,5.4
2012-12-19,5.28
2012-12-20,5.23
2012-12-21,5.19
2012-12-24,5.21
2012-12-25,5.29
2012-12-26,5.34
2012-12-27,5.24
2012-12-28,5.4
2012-12-31,5.39
2013-01-04,5.28
2013-01-07,5.4
2013-01-08,5.48
2013-01-09,5.46
2013-01-10,5.62
2013-01-11,5.38
2013-01-14,5.54
2013-01-15,5.67
2013-01-16,5.8
2013-01-17,5.83
2013-01-18,5.86
2013-01-21,5.81
2013-01-22,5.68
2013-01-23,5.78
2013-01-24,5.55
2013-01-25,5.46
2013-01-28,5.58
2013-01-29,5.68
2013-01-30,5.77
2013-01-31,5.72
2013-02-01,5.87
2013-02-04,5.82
2013-02-05,5.87
2013-02-06,6.41
2013-02-07,6.27
2013-02-08,6.43
2013-02-18,6.36
2013-02-19,6.18
2013-02-20,6.37
2013-02-21,6.21
2013-02-22,5.97
2013-02-25,6.0
2013-02-26,5.94
2013-02-27,5.95
2013-02-28,6.08
2013-03-01,6.14
2013-03-04,5.86
2013-03-05,6.05
2013-03-06,6.19
2013-03-07,6.37
2013-03-08,6.13
2013-03-11,6.01
2013-03-12,5.87
2013-03-13,5.89
2013-03-14,5.87
2013-03-15,5.85
2013-03-18,5.76
2013-03-19,5.67
2013-03-20,5.85
2013-03-21,5.92
2013-03-22,5.9
2013-03-25,5.91
2013-03-26,5.78
2013-03-27,5.86
2013-03-28,5.61
2013-03-29,5.69
2013-04-01,5.68
2013-04-02,5.61
2013-04-03,5.72
2013-04-08,5.72
2013-04-09,5.78
2013-04-10,6.05
2013-04-11,5.91
2013-04-12,5.92
2013-04-15,5.71
2013-04-16,5.69
2013-04-17,5.67
2013-04-18,5.81
2013-04-19,6.05
2013-04-22,6.66
2013-04-23,6.46
2013-04-24,6.8
2013-04-25,6.4
2013-04-26,6.22
2013-05-02,6.25
2013-05-03,6.38
2013-05-06,6.59
2013-05-07,6.54
2013-05-08,6.57
2013-05-09,6.38
2013-05-10,6.51
2013-05-13,6.62
2013-05-14,6.43
2013-05-15,6.45
2013-05-16,6.89
2013-05-17,6.91
2013-05-20,6.93
2013-05-21,7.35
2013-05-22,7.18
2013-05-23,7.01
2013-05-24,7.11
2013-05-27,7.21
2013-05-28,7.2
2013-05-29,7.16
2013-05-30,7.31
2013-05-31,7.44
2013-06-03,7.87
2013-06-04,8.05
2013-06-05,8.86
2013-06-06,9.11
2013-06-07,9.04
2013-06-13,8.25
2013-06-14,8.4
2013-06-17,8.55
2013-06-18,8.87
2013-06-19,8.64
2013-06-20,8.74
2013-06-21,8.51
2013-06-24,7.94
2013-06-25,8.0
2013-06-26,8.31
2013-06-27,7.69
2013-06-28,7.27
2013-07-01,7.53
2013-07-02,7.8
2013-07-03,8.11
2013-07-04,8.0
2013-07-05,7.75
2013-07-08,7.25
2013-07-09,7.36
2013-07-10,7.58
2013-07-11,7.71
2013-07-12,7.79
2013-07-15,7.87
2013-07-16,7.88
2013-07-17,7.8
2013-07-18,7.54
2013-07-19,7.54
2013-07-22,7.94
2013-07-23,8.13
2013-07-24,8.23
2013-07-25,8.41
2013-07-26,8.11
2013-07-29,8.04
2013-07-30,8.03
2013-07-31,7.91
2013-08-01,8.1
2013-08-02,8.0
2013-08-05,8.24
2013-08-06,8.37
2013-08-07,8.32
2013-08-08,8.17
2013-08-09,8.21
2013-08-12,8.29
2013-08-13,8.27
2013-08-14,8.34
2013-08-15,8.39
2013-08-16,7.84
2013-08-19,7.84
2013-08-20,7.68
2013-08-21,7.8
2013-08-22,7.64
2013-08-23,7.55
2013-08-26,7.79
2013-08-27,8.04
2013-08-28,8.04
2013-08-29,7.87
2013-08-30,7.93
2013-09-02,7.67
2013-09-03,7.71
2013-09-04,7.61
2013-09-05,7.6
2013-09-06,7.72
2013-09-09,7.74
2013-09-10,8.03
2013-09-11,7.91
2013-09-12,8.13
2013-09-13,7.95
2013-09-16,7.84
2013-09-17,7.56
2013-09-18,7.63
2013-09-23,7.73
2013-09-24,7.86
2013-09-25,7.93
2013-09-26,7.66
2013-09-27,7.65
2013-09-30,7.66
2013-10-08,7.7
2013-10-09,8.1
2013-10-10,8.01
2013-10-11,8.22
2013-10-14,8.21
2013-10-15,9.03
2013-10-16,8.75
2013-10-17,8.91
2013-10-18,8.69
2013-10-21,8.82
2013-10-22,8.88
2013-10-23,8.26
2013-10-24,8.1
2013-10-25,7.79
2013-10-28,7.89
2013-10-29,7.37
2013-10-30,7.42
2013-10-31,7.27
2013-11-01,7.29
2013-11-04,7.35
2013-11-05,7.4
2013-11-06,7.31
2013-11-07,7.06
2013-11-08,6.8
2013-11-11,7.05
2013-11-12,7.01
2013-11-13,6.85
2013-11-14,6.9
2013-11-15,7.07
2013-11-18,7.35
2013-11-19,7.31
2013-11-20,7.31
2013-11-21,7.17
2013-11-22,7.18
2013-11-25,7.12
2013-11-26,7.13
2013-11-27,7.25
2013-11-28,7.29
2013-11-29,7.23
2013-12-02,6.89
2013-12-03,7.02
2013-12-04,7.14
2013-12-05,7.31
2013-12-06,7.19
2013-12-09,7.22
2013-12-10,7.3
2013-12-11,7.17
2013-12-12,7.2
2013-12-13,7.25
2013-12-16,7.24
2013-12-17,7.22
2013-12-18,7.25
2013-12-19,7.26
2013-12-20,7.34
2013-12-23,7.43
2013-12-24,7.28
2013-12-25,7.13
2013-12-26,6.93
2013-12-27,7.0
2013-12-30,7.0
2013-12-31,7.04
2014-01-02,7.01
2014-01-03,6.78
2014-01-06,6.55
2014-01-07,6.55
2014-01-08,6.39
2014-01-09,6.36
2014-01-10,6.09
2014-01-13,5.99
2014-01-14,6.1
2014-01-15,6.19
2014-01-16,6.14
2014-01-17,6.08
2014-01-20,6.1
2014-01-21,6.18
2014-01-22,6.34
2014-01-23,6.28
2014-01-24,6.35
2014-01-27,6.26
2014-01-28,6.38
2014-01-29,6.33
2014-01-30,6.25
2014-02-07,6.44
2014-02-10,6.69
2014-02-11,6.68
2014-02-12,6.71
2014-02-13,6.76
2014-02-14,6.87
2014-02-17,6.96
2014-02-18,7.09
2014-02-19,7.05
2014-02-20,6.85
2014-02-21,6.89
2014-02-24,6.93
2014-02-25,6.55
2014-02-26,6.48
2014-02-27,6.38
2014-02-28,6.39
2014-03-03,6.6
2014-03-04,6.57
2014-03-05,6.63
2014-03-06,6.76
2014-03-07,6.63
2014-03-10,6.33
2014-03-11,6.33
2014-03-12,6.25
2014-03-13,6.27
2014-03-14,6.32
2014-03-17,6.54
2014-03-18,6.59
2014-03-19,6.53
2014-03-20,6.36
2014-03-21,6.44
2014-03-24,6.54
2014-03-25,6.6
2014-03-26,6.53
2014-03-27,6.47
2014-03-28,6.37
2014-03-31,6.36
2014-04-01,6.64
2014-04-02,6.61
2014-04-03,6.73
2014-04-04,6.78
2014-04-08,6.73
2014-04-09,6.78
2014-04-10,6.7
2014-04-11,6.67
2014-04-14,6.91
2014-04-15,6.8
2014-04-16,6.86
2014-04-17,7.29
2014-04-18,7.05
2014-04-21,6.74
2014-04-22,6.78
2014-04-23,6.73
2014-04-24,6.74
2014-04-25,6.44
2014-04-28,6.21
2014-04-29,6.26
2014-04-30,6.31
2014-05-05,6.34
2014-05-06,6.34
2014-05-07,6.12
2014-05-08,6.14
2014-05-09,6.14
2014-05-12,6.32
2014-05-13,6.38
2014-05-14,6.38
2014-05-15,6.2
2014-05-16,6.2
2014-05-19,6.18
2014-05-20,6.29
2014-05-21,6.37
2014-05-22,6.42
2014-05-23,6.46
2014-05-26,6.45
2014-05-27,6.44
2014-05-28,6.48
2014-05-29,6.73
2014-05-30,6.78
2014-06-03,6.74
2014-06-04,6.84
2014-06-05,6.88
2014-06-06,6.95
2014-06-09,6.67
2014-06-10,6.66
2014-06-11,6.65
2014-06-12,6.5
2014-06-13,6.53
2014-06-16,6.57
2014-06-17,6.39
2014-06-18,6.31
2014-06-19,6.21
2014-06-20,6.32
2014-06-23,6.33
2014-06-24,6.4
2014-06-25,6.51
2014-06-26,6.5
2014-06-27,6.46
2014-06-30,6.49
2014-07-01,6.6
2014-07-02,6.54
2014-07-03,6.73
2014-07-04,6.8
2014-07-07,7.21
2014-07-08,7.06
2014-07-09,7.22
2014-07-10,7.54
2014-07-11,7.36
2014-07-14,7.25
2014-07-15,7.27
2014-07-16,6.85
2014-07-17,6.89
2014-07-18,6.84
2014-07-21,6.83
2014-07-22,6.92
2014-07-23,6.85
2014-07-24,7.01
2014-07-25,7.0
2014-07-28,7.16
2014-07-29,7.2
2014-07-30,7.22
2014-07-31,7.18
2014-08-01,7.12
2014-08-04,7.33
2014-08-05,7.27
2014-08-06,7.2
2014-08-07,7.07
2014-08-08,7.09
2014-08-11,7.21
2014-08-12,7.25
2014-08-13,7.31
2014-08-14,7.28
2014-08-15,7.39
2014-08-18,7.42
2014-08-19,7.35
2014-08-20,7.38
2014-08-21,7.27
2014-08-22,7.25
2014-08-25,7.15
2014-08-26,7.05
2014-08-27,7.13
2014-08-28,7.24
2014-08-29,7.28
2014-09-01,7.39
2014-09-02,7.43
2014-09-03,7.43
2014-09-04,7.48
2014-09-05,7.48
2014-09-09,7.48
2014-09-10,7.68
2014-09-11,7.61
2014-09-12,7.65
2014-09-15,7.76
2014-09-16,7.48
2014-09-17,7.56
2014-09-18,7.69
2014-09-19,7.83
2014-09-22,7.61
2014-09-23,7.92
2014-09-24,8.0
2014-09-25,7.9
2014-09-26,7.84
2014-09-29,8.08
2014-09-30,8.07
2014-10-08,8.18
2014-10-09,8.46
2014-10-10,8.59
2014-10-13,8.54
2014-10-14,8.46
2014-10-15,8.61
2014-10-16,8.38
2014-10-17,7.99
2014-10-20,8.08
2014-10-21,8.1
2014-10-22,7.85
2014-10-23,7.73
2014-10-24,7.8
2014-10-27,7.9
2014-10-28,8.05
2014-10-29,8.12
2014-10-30,8.08
2014-10-31,8.04
2014-11-03,8.24
2014-11-04,8.29
2014-11-05,8.13
2014-11-06,8.15
2014-11-07,7.97
2014-11-14,7.78
2014-11-17,7.83
2014-11-18,7.78
2014-11-19,8.13
2014-11-20,8.21
2014-11-21,8.31
2014-11-24,8.42
2014-11-25,8.53
2014-11-26,8.52
2014-11-27,8.79
2014-11-28,8.74
2014-12-01,8.47
2014-12-02,8.75
2014-12-03,8.76
2014-12-04,9.2
2014-12-05,8.95
2014-12-08,9.24
2014-12-09,8.72
2014-12-10,8.96
2014-12-11,8.88
2014-12-12,9.15
2014-12-15,9.38
2014-12-16,9.52
2014-12-17,9.42
2014-12-18,9.22
2014-12-19,9.11
2014-12-22,8.6
2014-12-23,8.56
2014-12-24,8.68
2014-12-25,8.77
2014-12-26,9.04
2014-12-29,8.8
2014-12-30,8.7
2014-12-31,8.69
2015-01-05,8.86
2015-01-06,9.0
2015-01-07,9.07
2015-01-08,8.75
2015-01-09,8.56
2015-01-12,8.17
2015-01-13,8.24
2015-01-14,8.34
2015-01-15,8.35
2015-01-16,8.33
2015-01-19,7.79
2015-01-20,8.05
2015-01-21,8.27
2015-01-22,8.31
2015-01-23,8.33
2015-01-26,8.58
2015-01-27,8.61
2015-01-28,8.63
2015-01-29,8.58
2015-01-30,8.7
2015-02-02,8.71
2015-02-03,8.79
2015-02-04,8.62
2015-02-05,8.46
2015-02-06,8.23
2015-02-09,8.23
2015-02-10,8.32
2015-02-11,8.5
2015-02-12,8.7
2015-02-13,8.72
2015-02-16,8.84
2015-02-17,8.96
2015-02-25,8.89
2015-02-26,8.96
2015-02-27,8.97
2015-03-02,9.21
2015-03-03,9.23
2015-03-04,9.55
2015-03-05,9.39
2015-03-06,9.43
2015-03-09,9.68
2015-03-10,9.72
2015-03-11,9.45
2015-03-12,10.09
2015-03-13,10.01
2015-03-16,10.16
2015-03-17,10.34
2015-03-18,10.41
2015-03-19,10.58
2015-03-20,10.59
2015-03-23,10.95
2015-03-24,10.69
2015-03-25,10.69
2015-03-26,10.25
2015-03-27,10.39
2015-03-30,10.55
2015-03-31,10.9
2015-04-01,11.1
2015-04-02,11.69
2015-04-03,11.79
2015-04-07,11.79
2015-04-08,11.53
2015-04-09,12.68
2015-04-10,13.27
2015-04-13,14.6
2015-04-14,14.61
2015-04-15,13.59
2015-04-16,14.22
2015-04-17,13.81
2015-04-20,13.04
2015-04-21,13.8
2015-04-22,14.14
2015-04-23,14.78
2015-04-24,14.89
2015-04-27,14.9
2015-04-28,14.06
2015-04-29,14.25
2015-04-30,13.7
2015-05-04,13.5
2015-05-05,13.02
2015-05-06,12.91
2015-05-07,12.05
2015-05-08,12.46
2015-05-11,13.31
2015-05-12,13.4
2015-05-13,13.65
2015-05-14,13.82
2015-05-15,13.37
2015-05-18,12.89
2015-05-19,13.43
2015-05-20,13.53
2015-05-21,14.29
2015-05-22,15.72
2015-05-25,15.75
2015-05-26,15.96
2015-05-27,16.3
2015-05-28,14.83
2015-05-29,14.68
2015-06-01,15.65
2015-06-02,16.34
2015-06-04,15.47
2015-06-05,15.93
2015-06-08,17.52
2015-06-09,16.8
2015-06-10,16.97
2015-06-11,18.18
2015-06-12,18.89
2015-06-15,18.68
2015-06-16,19.19
2015-06-17,18.95
2015-06-18,18.6
2015-06-19,16.74
2015-06-23,16.37
2015-06-24,16.54
2015-06-25,14.9
2015-06-26,13.41
2015-06-29,12.07
2015-06-30,12.66
2015-07-01,11.7
2015-07-02,10.57
2015-07-03,9.51
2015-07-06,8.66
2015-07-07,7.79
2015-07-08,7.01
2015-07-09,7.71
2015-07-10,8.48
2015-07-13,9.33
2015-07-14,10.26
2015-07-15,9.59
2015-07-16,10.42
2015-07-17,10.95
2015-07-20,11.25
2015-07-21,11.21
2015-07-22,11.06
2015-07-23,11.68
2015-07-24,11.15
2015-07-27,10.04
2015-07-28,9.21
2015-07-29,10.1
2015-07-30,10.01
2015-07-31,10.22
2015-08-03,9.42
2015-08-04,10.23
2015-08-05,10.27
2015-08-06,10.07
2015-08-07,10.49
2015-08-10,11.1
2015-08-11,11.29
2015-08-12,12.16
2015-08-13,12.49
2015-08-14,13.23
2015-08-17,13.64
2015-08-18,12.28
2015-08-19,12.65
2015-08-20,11.6
2015-08-21,10.53
2015-08-24,9.48
2015-08-25,8.53
2015-08-26,7.69
2015-08-27,8.36
2015-08-28,9.2
2015-08-31,8.95
2015-09-01,8.24
2015-09-02,8.64
2015-09-07,8.68
2015-09-08,9.25
2015-09-09,9.27
2015-09-10,9.39
2015-09-11,9.67
2015-09-14,8.7
2015-09-15,8.14
2015-09-16,8.9
2015-09-17,8.6
2015-09-18,8.64
2015-09-21,9.18
2015-09-22,9.46
2015-09-23,9.17
2015-09-24,9.41
2015-09-25,8.99
2015-09-28,9.26
2015-09-29,9.12
2015-09-30,9.16
2015-10-08,9.45
2015-10-09,9.7
2015-10-12,9.8
2015-10-13,10.03
2015-10-14,10.16
2015-10-15,10.5
2015-10-16,10.87
2015-10-19,10.86
2015-10-20,10.92
2015-10-21,9.9
2015-10-22,10.52
2015-10-23,11.57
2015-10-26,11.49
2015-10-27,12.29
2015-10-28,11.9
2015-10-29,12.05
2015-10-30,12.04
2015-11-02,11.76
2015-11-03,11.56
2015-11-04,12.43
2015-11-05,12.25
2015-11-06,12.56
2015-11-09,12.95
2015-11-10,12.89
2015-11-11,12.97
2015-11-12,12.8
2015-11-13,12.8
2015-11-16,13.53
2015-11-17,13.13
2015-11-18,12.96
2015-11-19,13.11
2015-11-20,13.11
2015-11-23,13.34
2015-11-24,13.79
2015-11-25,14.79
2015-11-26,14.27
2015-11-27,13.15
2015-11-30,14.3
2015-12-01,14.26
2015-12-02,13.74
2015-12-03,13.98
2015-12-04,14.11
2015-12-07,14.03
2015-12-08,13.4
2015-12-09,12.98
2015-12-10,13.06
2015-12-11,13.03
2015-12-14,13.42
2015-12-15,13.48
2015-12-16,14.19
2015-12-17,14.37
2015-12-18,14.7
2016-01-19,13.23
2016-01-20,11.92
2016-01-21,11.6
2016-01-22,11.42
2016-01-25,11.41
2016-01-26,11.09
2016-01-27,9.98
2016-01-28,9.58
2016-01-29,10.31
2016-02-01,11.26
2016-02-02,11.91
2016-02-03,12.0
2016-02-04,11.94
2016-02-05,12.82
2016-02-15,13.0
2016-02-16,13.21
2016-02-17,13.09
2016-02-18,13.19
2016-02-19,13.02
2016-02-22,13.17
2016-02-23,13.02
2016-02-24,13.5
2016-02-25,12.15
2016-02-26,12.14
2016-02-29,10.97
2016-03-01,11.3
2016-03-02,12.01
2016-03-03,12.09
2016-03-04,12.03
2016-03-07,12.39
2016-03-08,12.21
2016-03-09,11.75
2016-03-10,11.62
2016-03-11,11.78
2016-03-14,12.22
2016-03-15,11.98
2016-03-16,12.07
2016-03-17,12.35
2016-03-18,12.7
2016-03-21,13.0
2016-03-22,12.84
2016-03-23,12.88
2016-03-24,12.68
2016-03-25,12.94
2016-03-28,12.75
2016-03-29,12.96
2016-03-30,13.33
2016-03-31,13.27
2016-04-01,13.2
2016-04-05,13.38
2016-04-06,13.24
2016-04-07,13.24
2016-04-08,13.18
2016-04-11,13.56
2016-04-12,13.5
2016-04-13,13.9
2016-04-14,15.0
2016-04-15,14.72
2016-04-18,14.61
2016-04-19,14.94
2016-04-20,14.01
2016-04-21,13.85
2016-04-22,13.97
2016-04-25,14.07
2016-04-26,14.13
2016-04-27,14.05
2016-04-28,14.19
2016-04-29,14.15
2016-05-03,14.62
2016-05-04,14.63
2016-05-05,14.27
2016-05-06,14.4
2016-05-09,14.41
2016-05-10,13.47
2016-05-11,13.7
2016-05-12,13.87
2016-05-13,13.91
2016-05-16,13.93
2016-05-17,14.15
2016-05-18,13.64
2016-05-19,13.39
2016-05-20,13.5
2016-05-23,13.75
2016-05-24,13.84
2016-05-25,14.04
2016-05-26,14.07
2016-05-27,14.19
2016-05-30,14.25
2016-05-31,14.62
2016-06-01,14.49
2016-06-02,14.35
2016-06-03,14.41
2016-06-06,14.79
2016-06-07,14.51
2016-06-08,14.34
2016-06-13,13.82
2016-06-14,14.08
2016-06-15,14.29
2016-06-16,14.01
2016-06-17,13.7
2016-06-20,13.4
2016-06-21,13.09
2016-06-22,13.22
2016-06-23,12.96
2016-06-24,12.71
2016-06-27,13.28
2016-06-28,13.41
2016-06-29,13.28
2016-06-30,13.31
2016-07-01,13.63
2016-07-04,14.19
2016-07-05,14.15
2016-07-06,14.16
2016-07-07,14.06
2016-07-08,13.98
2016-07-11,13.98
2016-07-12,13.97
2016-07-13,14.04
2016-07-14,14.23
2016-07-15,14.1
2016-07-18,13.9
2016-07-19,13.98
2016-07-20,13.86
2016-07-21,13.87
2016-07-22,13.65
2016-07-25,13.55
2016-07-26,13.89
2016-07-27,13.68
2016-07-28,13.75
2016-07-29,13.59
2016-08-01,13.76
2016-08-02,13.83
2016-08-03,14.15
2016-08-04,14.08
2016-08-05,14.11
2016-08-08,14.06
2016-08-09,14.1
2016-08-10,14.03
2016-08-11,13.91
2016-08-12,13.95
2016-08-15,14.19
2016-08-16,14.4
2016-08-17,14.37
2016-08-18,14.44
2016-08-19,14.19
2016-08-22,14.08
2016-08-23,14.17
2016-08-24,13.89
2016-08-25,13.87
2016-08-26,14.37
2016-08-29,14.12
2016-08-30,14.02
2016-08-31,14.08
2016-09-01,13.93
2016-09-02,13.82
2016-09-05,13.79
2016-09-06,13.9
2016-09-07,14.07
2016-09-08,14.17
2016-09-09,13.99
2016-09-12,13.45
2016-09-13,13.47
2016-09-14,13.51
2016-09-19,13.53
2016-09-20,13.56
2016-09-21,13.65
2016-09-22,13.67
2016-09-23,13.54
2016-09-26,13.48
2016-09-27,13.49
2016-09-28,13.6
2016-09-29,13.55
2016-09-30,13.48
2016-10-10,13.79
2016-10-11,13.76
2016-10-12,13.85
2016-10-13,13.78
2016-10-14,13.68
2016-10-17,13.68
2016-10-18,13.79
2016-10-19,13.67
2016-10-20,13.61
2016-10-21,13.5
2016-10-24,13.6
2016-10-25,13.58
2016-10-26,13.74
2016-10-27,14.28
2016-10-28,13.9
2016-10-31,13.84
2016-11-01,13.96
2016-11-02,13.73
2016-11-03,13.62
2016-11-04,13.57
2016-11-07,13.6
2016-11-08,13.63
2016-11-09,13.46
2016-11-10,13.51
2016-11-11,13.54
2016-11-14,13.65
2016-11-15,13.6
2016-11-16,13.63
2016-11-17,13.72
2016-11-18,13.66
2016-11-21,13.53
2016-11-22,13.57
2016-11-23,13.54
2016-11-24,13.75
2016-11-25,13.69
2016-11-28,13.86
2016-11-29,13.71
2016-11-30,13.6
2016-12-01,13.62
2016-12-02,13.53
2016-12-05,13.21
2016-12-06,13.22
2016-12-07,13.25
2016-12-08,13.31
2016-12-09,13.29
2016-12-12,12.87
2016-12-13,12.89
2016-12-14,12.69
2016-12-15,12.77
2016-12-16,12.82
2016-12-19,12.71
2016-12-20,13.1
2016-12-21,13.05
2016-12-22,13.07
2016-12-23,12.84
2016-12-26,12.93
2016-12-27,13.09
2016-12-28,13.01
2016-12-29,13.11
2016-12-30,12.93
2017-01-03,12.84
2017-01-04,12.91
2017-01-05,12.77
2017-01-06,12.63
2017-01-09,12.68
2017-01-10,12.69
2017-01-11,12.4
2017-01-12,12.35
2017-01-13,12.19
2017-01-16,11.18
2017-01-17,11.32
2017-01-18,11.55
2017-01-19,11.43
2017-01-20,11.57
2017-01-23,11.85
2017-01-24,11.86
2017-01-25,11.79
2017-01-26,11.83
2017-02-03,11.97
2017-02-06,11.96
2017-02-07,11.88
2017-02-08,12.03
2017-02-09,12.1
2017-02-10,12.1
2017-02-13,12.12
2017-02-14,11.98
2017-02-15,12.02
2017-02-16,11.96
2017-02-17,11.84
2017-02-20,11.87
2017-02-21,11.97
2017-02-22,11.93
2017-02-23,11.93
2017-02-24,11.97
2017-02-27,12.0
2017-02-28,11.91
2017-03-01,11.69
2017-03-02,11.62
2017-03-03,11.45
2017-03-06,11.6
2017-03-07,11.74
2017-03-08,11.66
2017-03-09,11.52
2017-03-10,11.55
2017-03-13,11.48
2017-03-14,11.44
2017-03-15,11.48
2017-03-16,11.51
2017-03-17,11.49
2017-03-20,11.63
2017-03-21,11.71
2017-03-22,11.72
2017-03-23,11.62
2017-03-24,11.64
2017-03-27,11.65
2017-03-28,11.58
2017-03-29,11.56
2017-03-30,11.34
2017-03-31,11.43
2017-04-05,11.72
2017-04-06,11.61
2017-04-07,11.55
2017-04-10,11.44
2017-04-11,11.47
2017-04-12,11.44
2017-04-13,11.41
2017-04-14,11.28
2017-04-17,11.18
2017-04-18,11.34
2017-04-19,11.03
2017-04-20,10.74
2017-04-21,10.6
2017-04-24,10.17
2017-04-25,10.23
2017-04-26,10.02
2017-04-27,10.0
2017-04-28,10.14
2017-05-02,10.18
2017-05-03,10.18
2017-05-04,10.31
2017-05-05,10.05
2017-05-08,9.94
2017-05-09,10.02
2017-05-10,9.56
2017-05-11,9.26
2017-05-12,9.11
2017-05-15,9.05
2017-05-16,9.22
2017-05-17,9.15
2017-05-18,9.04
2017-05-19,9.08
2017-05-22,8.57
2017-05-23,8.25
2017-05-24,8.32
2017-05-25,8.37
2017-05-26,8.27
2017-05-31,8.06
2017-06-01,8.03
2017-06-02,7.99
2017-06-05,7.95
2017-06-06,8.06
2017-06-07,8.24
2017-06-08,8.13
2017-06-09,8.19
2017-06-12,8.34
2017-06-13,8.34
2017-06-14,8.45
2017-06-15,8.65
2017-06-16,8.53
2017-06-19,8.56
2017-06-20,8.58
2017-06-21,8.74
2017-06-22,8.98
2017-06-23,8.87
2017-06-26,8.83
2017-06-27,8.86
2017-06-28,8.92
2017-06-29,8.91
2017-06-30,8.98
2017-07-03,9.08
2017-07-04,9.25
2017-07-05,9.18
2017-07-06,9.27
2017-07-07,9.37
2017-07-10,9.76
2017-07-11,9.89
2017-07-12,9.72
2017-07-13,9.8
2017-07-14,9.79
2017-07-17,9.35
2017-07-18,9.5
2017-07-19,9.7
2017-07-20,9.68
2017-07-21,9.61
2017-07-24,9.43
2017-07-25,9.49
2017-07-26,9.56
2017-07-27,9.76
2017-07-28,9.75
2017-07-31,9.77
2017-08-01,9.7
2017-08-02,9.73
2017-08-03,9.81
2017-08-04,9.93
2017-08-07,10.2
2017-08-08,11.1
2017-08-09,11.0
2017-08-10,10.72
2017-08-11,10.57
2017-08-14,10.7
2017-08-15,10.75
2017-08-16,10.79
2017-08-17,10.61
2017-08-18,10.7
2017-08-21,10.69
2017-08-22,10.55
2017-08-23,10.51
2017-08-24,10.43
2017-08-25,10.53
2017-08-28,10.57
2017-08-29,10.7
2017-08-30,10.62
2017-08-31,10.51
2017-09-01,10.31
2017-09-04,10.25
2017-09-05,10.35
2017-09-06,10.15
2017-09-07,9.96
2017-09-08,10.02
2017-09-11,10.11
2017-09-12,10.11
2017-09-13,10.17
2017-09-14,10.14
2017-09-15,10.0
2017-09-18,9.84
2017-09-19,9.74
2017-09-20,9.83
2017-09-21,9.7
2017-09-22,9.41
2017-09-25,9.47
2017-09-26,9.36
2017-09-27,9.38
2017-09-28,9.13
2017-09-29,9.3
2017-10-09,9.36
2017-10-10,9.79
2017-10-11,9.7
2017-10-12,9.75
2017-10-13,9.77
2017-10-16,9.44
2017-10-17,9.27
2017-10-18,9.2
2017-10-19,9.16
2017-10-20,9.39
2017-10-23,9.55
2017-10-24,9.53
2017-10-25,9.53
2017-10-26,9.45
2017-10-27,9.69
2017-10-30,9.53
2017-10-31,9.83
2017-11-01,9.71
2017-11-02,9.78
2017-11-03,9.74
2017-11-06,10.09
2017-11-07,10.81
2017-11-08,10.91
2017-11-09,10.87
2017-11-10,10.98
2017-11-13,10.89
2017-11-14,10.98
2017-11-15,10.72
2017-11-16,10.82
2017-11-17,10.92
2017-11-20,11.3
2017-11-21,11.43
2017-11-22,11.76
2017-11-23,11.36
2017-11-24,11.44
2017-11-27,10.96
2017-11-28,11.34
2017-11-29,11.32
2017-11-30,11.18
2017-12-01,11.2
2017-12-04,11.59
2017-12-05,11.55
2017-12-06,11.21
2017-12-07,11.2
2017-12-08,11.2
2017-12-11,11.08
2017-12-12,10.87
2017-12-13,10.83
2017-12-14,10.82
2017-12-15,10.78
2017-12-18,10.73
2017-12-19,10.59
2017-12-20,10.57
2017-12-21,10.42
2017-12-22,10.59
2017-12-25,10.83
2017-12-26,10.83
2017-12-27,10.6
2017-12-28,10.55
2017-12-29,10.74
2018-01-02,10.73
2018-01-03,10.76
2018-01-04,10.66
2018-01-05,11.25
2018-01-08,11.48
2018-01-09,11.53
2018-01-10,11.38
2018-01-11,11.25
2018-01-12,11.35
2018-01-15,11.64
2018-01-16,11.68
2018-01-17,11.44
2018-01-18,11.56
2018-01-19,11.21
2018-01-22,11.31
2018-01-23,11.27
2018-01-24,11.29
2018-01-25,11.17
2018-01-26,11.21
2018-01-29,10.82
2018-01-30,10.89
2018-01-31,11.86
2018-02-01,11.65
2018-02-02,12.17
2018-02-05,12.99
2018-02-06,11.78
2018-02-07,11.04
2018-02-08,11.31
2018-02-09,10.41
2018-02-12,10.52
2018-02-13,10.48
2018-02-14,10.39
2018-02-22,10.46
2018-02-23,10.8
2018-02-26,10.87
2018-02-27,10.89
2018-02-28,10.79
2018-03-01,10.85
2018-03-02,10.86
2018-03-05,10.95
2018-03-06,11.37
2018-03-07,11.17
2018-03-08,11.5
2018-03-09,11.51
2018-03-12,11.49
2018-03-13,11.59
2018-03-14,11.36
2018-03-15,11.27
2018-03-16,11.27
2018-03-19,11.25
2018-03-20,11.57
2018-03-21,11.36
2018-03-22,11.09
2018-03-23,10.29
2018-03-26,10.21
2018-03-27,10.53
2018-03-28,10.6
2018-03-29,10.57
2018-03-30,10.72
2018-04-02,10.68
2018-04-03,10.65
2018-04-04,10.64
2018-04-09,10.39
2018-04-10,10.48
2018-04-11,10.45
2018-04-12,10.32
2018-04-13,10.28
2018-04-16,10.29
2018-04-17,10.17
2018-04-18,10.14
2018-04-19,10.03
2018-04-20,9.37
2018-04-23,9.75
2018-04-24,9.78
2018-04-25,10.11
2018-04-26,9.87
2018-04-27,10.0
2018-05-02,10.16
2018-05-03,10.2
2018-05-04,10.07
2018-05-07,10.07
2018-05-08,10.38
2018-05-09,10.22
2018-05-10,10.35
2018-05-11,10.28
2018-05-14,10.1
2018-05-15,10.14
2018-05-16,10.08
2018-05-17,10.08
2018-05-18,10.03
2018-05-21,10.2
2018-05-22,10.2
2018-05-23,10.0
2018-05-24,10.08
2018-05-25,9.9
2018-05-28,9.81
2018-05-29,9.8
2018-05-30,9.48
2018-05-31,9.57
2018-06-01,9.49
2018-06-04,9.43
2018-06-05,9.55
2018-06-06,9.57
2018-06-07,9.5
2018-06-08,9.54
2018-06-11,9.73
2018-06-12,9.64
2018-06-13,9.59
2018-06-14,9.56
2018-06-15,9.52
2018-06-19,9.38
2018-06-20,9.09
2018-06-21,8.79
2018-06-22,8.72
2018-06-25,8.52
2018-06-26,8.3
2018-06-27,8.16
2018-06-28,8.16
2018-06-29,8.22
2018-07-02,8.14
2018-07-03,8.18
2018-07-04,8.18
2018-07-05,8.19
2018-07-06,8.18
2018-07-09,8.22
2018-07-10,8.56
2018-07-11,8.36
2018-07-12,8.43
2018-07-13,8.51
2018-07-16,8.52
2018-07-17,8.43
2018-07-18,8.27
2018-07-19,8.21
2018-07-20,8.49
2018-07-23,8.44
2018-07-24,8.49
2018-07-25,8.6
2018-07-26,8.53
2018-07-27,8.64
2018-07-30,8.75
2018-07-31,8.84
2018-08-01,8.5
2018-08-02,8.41
2018-08-03,8.29
2018-08-06,8.27
2018-08-07,8.44
2018-08-08,8.35
2018-08-09,8.48
2018-08-10,8.77
2018-08-13,8.7
2018-08-14,9.06
2018-08-15,8.77
2018-08-16,8.52
2018-08-17,8.4
2018-08-20,8.32
2018-08-21,8.41
2018-08-22,8.33
2018-08-23,8.3
2018-08-24,8.28
2018-08-27,8.4
2018-08-28,8.39
2018-08-29,8.38
2018-08-30,8.23
2018-08-31,8.28
2018-09-03,8.3
2018-09-04,8.29
2018-09-05,8.27
2018-09-06,8.2
2018-09-07,8.15
2018-09-10,8.1
2018-09-11,8.11
2018-09-12,8.12
2018-09-13,8.15
2018-09-14,8.11
2018-09-17,8.04
2018-09-18,8.05
2018-09-19,8.05
2018-09-20,8.01
2018-09-21,8.02
2018-09-25,8.03
2018-09-26,8.03
2018-09-27,7.93
2018-09-28,7.93
2018-10-08,7.79
2018-10-09,7.79
2018-10-10,7.75
2018-10-11,6.98
2018-10-12,6.5
2018-10-15,6.52
2018-10-16,6.08
2018-10-17,6.09
2018-10-18,6.03
2018-10-19,6.18
2018-10-22,6.47
2018-10-23,6.37
2018-10-24,6.31
2018-10-25,6.26
2018-10-26,6.31
2018-10-29,6.18
2018-10-30,6.36
2018-10-31,6.4
2018-11-01,6.4
2018-11-02,6.56
2018-11-05,6.81
2018-11-06,6.78
2018-11-07,6.8
2018-11-08,6.85
2018-11-09,6.92
2018-11-12,7.01
2018-11-13,7.0
2018-11-14,7.17
2018-11-15,7.31
2018-11-16,7.48
2018-11-19,7.84
2018-11-20,7.64
2018-11-21,7.7
2018-11-22,7.92
2018-11-23,7.64
2018-11-26,7.55
2018-11-27,7.56
2018-11-28,7.6
2018-11-29,7.5
2018-11-30,7.43
2018-12-03,7.59
2018-12-04,7.75
2018-12-05,7.58
2018-12-06,7.51
2018-12-07,7.43
2018-12-10,7.33
2018-12-11,7.39
2018-12-12,7.44
2018-12-13,7.52
2018-12-14,7.54
2018-12-17,7.49
2018-12-18,7.51
2018-12-19,7.3
2018-12-20,7.26
2018-12-21,7.2
2018-12-24,7.2
2018-12-25,7.22
2018-12-26,7.18
2018-12-27,7.02
2018-12-28,6.94
2019-01-02,6.83
2019-01-03,6.84
2019-01-04,6.87
2019-01-07,7.07
2019-01-08,7.06
2019-01-09,7.06
2019-01-10,6.93
2019-01-11,6.97
2019-01-14,6.96
2019-01-15,6.97
2019-01-16,7.02
2019-01-17,7.01
2019-01-18,7.04
2019-01-21,7.04
2019-01-22,6.93
2019-01-23,6.93
2019-01-24,6.91
2019-01-25,6.95
2019-01-28,6.93
2019-01-29,6.82
2019-01-30,6.77
2019-01-31,6.83
2019-02-01,6.77
2019-02-11,6.84
2019-02-12,6.98
2019-02-13,7.15
2019-02-14,7.15
2019-02-15,7.13
2019-02-18,7.32
2019-02-19,7.28
2019-02-20,7.3
2019-02-21,7.24
2019-02-22,7.45
2019-02-25,7.84
2019-02-26,7.95
2019-02-27,7.95
2019-02-28,7.98
2019-03-01,7.9
2019-03-04,8.17
2019-03-05,8.16
2019-03-06,8.24
2019-03-07,8.47
2019-03-08,7.92
2019-03-11,8.09
2019-03-12,8.16
2019-03-13,8.37
2019-03-14,8.76
2019-03-15,9.0
2019-03-18,8.75
2019-03-19,8.71
2019-03-20,8.58
2019-03-21,9.02
2019-03-22,8.86
2019-03-25,8.56
2019-03-26,8.21
2019-03-27,8.29
2019-03-28,8.23
2019-03-29,8.37
2019-04-01,8.63
2019-04-02,8.64
2019-04-03,8.91
2019-04-04,8.8
2019-04-08,8.61
2019-04-09,8.81
2019-04-10,8.94
2019-04-11,8.68
2019-04-12,8.94
2019-04-15,9.1
2019-04-16,8.98
2019-04-17,8.89
2019-04-18,8.75
2019-04-19,8.74
2019-04-22,8.84
2019-04-23,8.88
2019-04-24,8.86
2019-04-25,8.38
2019-04-26,8.39
2019-04-29,8.1
2019-04-30,8.12
2019-05-06,7.31
2019-05-07,7.36
2019-05-08,7.5
2019-05-09,7.49
2019-05-10,7.65
2019-05-13,7.48
2019-05-14,7.41
2019-05-15,7.49
2019-05-16,7.63
2019-05-17,7.36
2019-05-20,7.27
2019-05-21,7.37
2019-05-22,7.44
2019-05-23,7.32
2019-05-24,7.28
2019-05-27,7.38
2019-05-28,7.4
2019-05-29,7.41
2019-05-30,7.29
2019-05-31,7.3
2019-06-03,7.29
2019-06-04,7.29
2019-06-05,7.29
2019-06-06,7.03
2019-06-10,7.07
2019-06-11,7.42
2019-06-12,7.42
2019-06-13,7.46
2019-06-14,7.35
2019-06-17,7.39
2019-06-18,7.34
2019-06-19,7.44
2019-06-20,7.67
2019-06-21,7.85
2019-06-24,7.75
2019-06-25,7.54
2019-06-26,7.51
2019-06-27,7.53
2019-06-28,7.41
2019-07-01,7.53
2019-07-02,7.54
2019-07-03,7.45
2019-07-04,7.44
2019-07-05,7.47
2019-07-08,7.21
2019-07-09,7.23
2019-07-10,7.22
2019-07-11,7.27
2019-07-12,7.24
2019-07-15,7.24
2019-07-16,7.26
2019-07-17,7.25
2019-07-18,7.16
2019-07-19,7.21
2019-07-22,7.15
2019-07-23,7.24
2019-07-24,7.27
2019-07-25,7.25
2019-07-26,7.25
2019-07-29,7.2
2019-07-30,7.28
2019-07-31,7.16
2019-08-01,7.14
2019-08-02,6.9
2019-08-05,6.81
2019-08-06,6.55
2019-08-07,6.51
2019-08-08,6.52
2019-08-09,6.44
2019-08-12,6.45
2019-08-13,6.34
2019-08-14,6.4
2019-08-15,6.4
2019-08-16,6.49
2019-08-19,6.63
2019-08-20,6.58
2019-08-21,6.6
2019-08-22,6.54
2019-08-23,6.61
2019-08-26,6.56
2019-08-27,6.85
2019-08-28,6.71
2019-08-29,6.6
2019-08-30,6.48
2019-09-02,6.61
2019-09-03,6.6
2019-09-04,6.63
2019-09-05,6.76
2019-09-06,6.78
2019-09-09,6.9
2019-09-10,6.91
2019-09-11,6.88
2019-09-12,6.92
2019-09-16,6.85
2019-09-17,6.72
2019-09-18,6.7
2019-09-19,6.69
2019-09-20,6.74
2019-09-23,6.73
2019-09-24,7.4
2019-09-25,6.99
2019-09-26,6.72
2019-09-27,6.85
2019-09-30,6.98
2019-10-08,7.13
2019-10-09,7.11
2019-10-10,7.15
2019-10-11,7.35
2019-10-14,7.51
2019-10-15,7.54
2019-10-16,7.45
2019-10-17,7.39
2019-10-18,7.23
2019-10-21,7.16
2019-10-22,7.14
2019-10-23,7.01
2019-10-24,6.97
2019-10-25,7.01
2019-10-28,7.08
2019-10-29,6.93
2019-10-30,6.84
2019-10-31,7.09
2019-11-01,7.14
2019-11-04,7.21
2019-11-05,7.09
2019-11-06,7.1
2019-11-07,7.31
2019-11-08,7.51
2019-11-11,7.28
2019-11-12,7.28
2019-11-13,7.1
2019-11-14,7.27
2019-11-15,7.28
2019-11-18,7.21
2019-11-19,7.23
2019-11-20,7.1
2019-11-21,7.09
2019-11-22,7.09
2019-11-25,7.36
2019-11-26,7.5
2019-11-27,7.55
2019-11-28,7.66
2019-11-29,7.72
2019-12-02,7.68
2019-12-03,7.71
2019-12-04,7.65
2019-12-05,7.59
2019-12-06,7.49
2019-12-09,7.49
2019-12-10,7.9
2019-12-11,7.76
2019-12-12,7.55
2019-12-13,7.65
2019-12-16,7.81
2019-12-17,7.9
2019-12-18,8.05
2019-12-19,8.0
2019-12-20,7.93
2019-12-23,7.67
2019-12-24,7.74
2019-12-25,7.73
2019-12-26,7.68
2019-12-27,7.59
2019-12-30,7.74
2019-12-31,8.04
2020-01-02,8.56
2020-01-03,9.0
2020-01-06,9.49
2020-01-07,9.55
2020-01-08,10.0
2020-01-09,10.02
2020-01-10,9.33
2020-01-13,9.33
2020-01-14,9.3
2020-01-15,9.22
2020-01-16,9.19
2020-01-17,9.13
2020-01-20,8.97
2020-01-21,8.66
2020-01-22,8.58
2020-01-23,8.1
2020-02-03,7.56
2020-02-04,8.32
2020-02-05,8.72
2020-02-06,9.35
2020-02-07,8.92
2020-02-10,8.49
2020-02-11,8.3
2020-02-12,8.33
2020-02-13,8.29
2020-02-14,8.02
2020-02-17,8.14
2020-02-18,8.33
2020-02-19,8.11
2020-02-20,8.09
2020-02-21,8.19
2020-02-24,8.2
2020-02-25,8.72
2020-02-26,8.32
2020-02-27,8.11
2020-02-28,7.69
2020-03-02,7.89
2020-03-03,7.95
2020-03-04,7.83
2020-03-05,8.09
2020-03-06,8.03
2020-03-09,8.43
2020-03-10,8.32
2020-03-11,8.59
2020-03-12,8.36
2020-03-13,8.0
2020-03-16,7.67
2020-03-17,7.34
2020-03-18,7.35
2020-03-19,7.37
2020-03-20,7.77
2020-03-23,7.76
2020-03-24,7.78
2020-03-25,7.82
2020-03-26,7.98
2020-03-27,7.94
2020-03-30,7.79
2020-03-31,8.06
2020-04-01,7.97
2020-04-02,8.01
2020-04-03,7.9
2020-04-07,8.11
2020-04-08,8.1
2020-04-09,8.18
2020-04-10,7.98
2020-04-13,8.2
2020-04-14,8.28
2020-04-15,8.29
2020-04-16,8.23
2020-04-17,8.08
2020-04-20,8.16
2020-04-21,8.03
2020-04-22,8.06
2020-04-23,7.98
2020-04-24,7.64
2020-04-27,7.59
2020-04-28,7.41
2020-04-29,7.38
2020-04-30,7.56
2020-05-06,7.59
2020-05-07,7.55
2020-05-08,7.58
2020-05-11,7.62
2020-05-12,7.52
2020-05-13,7.47
2020-05-14,7.38
2020-05-15,7.38
2020-05-18,7.31
2020-05-19,7.37
2020-05-20,7.3
2020-05-21,7.18
2020-05-22,7.18
2020-05-25,7.24
2020-05-26,7.27
2020-05-27,7.17
2020-05-28,7.18
2020-05-29,7.25
2020-06-01,7.34
2020-06-02,7.34
2020-06-03,7.33
2020-06-04,7.28
2020-06-05,7.74
2020-06-08,7.53
2020-06-09,7.54
2020-06-10,7.46
2020-06-11,7.37
2020-06-12,7.26
2020-06-15,7.32
2020-06-16,7.41
2020-06-17,7.6
2020-06-18,7.43
2020-06-19,7.43
2020-06-22,7.47
2020-06-23,7.4
2020-06-24,7.32
2020-06-29,7.31
2020-06-30,7.47
2020-07-01,7.56
2020-07-02,7.64
2020-07-03,7.88
2020-07-06,8.28
2020-07-07,8.1
2020-07-08,8.2
2020-07-09,8.43
2020-07-10,8.37
2020-07-13,8.49
2020-07-14,8.54
2020-07-15,8.38
2020-07-16,7.99
2020-07-17,7.98
2020-07-20,8.2
2020-07-21,8.55
2020-07-22,8.52
2020-07-23,8.54
2020-07-24,8.22
2020-07-27,8.33
2020-07-28,8.32
2020-07-29,8.73
2020-07-30,9.06
2020-07-31,8.96
2020-08-03,9.07
2020-08-04,8.78
2020-08-05,8.75
2020-08-06,8.79
2020-08-07,8.72
2020-08-10,8.56
2020-08-11,8.26
2020-08-12,8.04
2020-08-13,8.03
2020-08-14,8.1
2020-08-17,8.24
2020-08-18,8.19
2020-08-19,8.06
2020-08-20,8.08
2020-08-21,8.04
2020-08-24,8.02
2020-08-25,8.05
2020-08-26,7.95
2020-08-27,8.0
2020-08-28,8.2
2020-08-31,8.15
2020-09-01,8.05
2020-09-02,8.07
2020-09-03,8.04
2020-09-04,7.97
2020-09-07,7.83
2020-09-08,7.95
2020-09-09,7.84
2020-09-10,7.56
2020-09-11,7.65
2020-09-14,7.64
2020-09-15,7.69
2020-09-16,7.62
2020-09-17,7.63
2020-09-18,7.82
2020-09-21,7.79
2020-09-22,7.73
2020-09-23,7.75
2020-09-24,7.54
2020-09-25,7.57
2020-09-28,7.4
2020-09-29,7.46
2020-09-30,7.34
2020-10-09,7.56
2020-10-12,7.71
2020-10-13,7.76
2020-10-14,7.66
2020-10-15,7.59
2020-10-16,7.6
2020-10-19,7.54
2020-10-20,7.67
2020-10-21,7.63
2020-10-22,7.44
2020-10-23,7.44
2020-10-26,7.43
2020-10-27,7.34
2020-10-28,7.24
2020-10-29,7.26
2020-10-30,7.03
2020-11-02,6.94
2020-11-03,7.12
2020-11-04,7.14
2020-11-05,7.2
2020-11-06,7.2
2020-11-09,7.27
2020-11-10,7.22
2020-11-11,7.13
2020-11-12,7.18
2020-11-13,7.19
2020-11-16,7.25
2020-11-17,7.16
2020-11-18,7.18
2020-11-19,7.24
2020-11-20,7.26
2020-11-23,7.28
2020-11-24,7.2
2020-11-25,7.31
2020-11-26,7.42
2020-11-27,7.52
2020-11-30,7.45
2020-12-01,7.75
2020-12-02,7.69
2020-12-03,7.59
2020-12-04,7.63
2020-12-07,7.59
2020-12-08,7.51
2020-12-09,7.44
2020-12-10,7.58
2020-12-11,7.58
2020-12-14,7.44
2020-12-15,7.3
2020-12-16,7.2
2020-12-17,7.92
2020-12-18,8.15
2020-12-21,7.94
2020-12-22,8.73
2020-12-23,8.64
2020-12-24,8.73
2020-12-25,8.35
2020-12-28,8.5
2020-12-29,7.97
2020-12-30,8.06
2020-12-31,8.12
2021-01-04,8.36
2021-01-05,8.12
2021-01-06,8.3
2021-01-07,7.91
2021-01-08,7.72
2021-01-11,7.68
2021-01-12,7.84
2021-01-13,7.63
2021-01-14,7.29
2021-01-15,7.32
2021-01-18,7.39
2021-01-19,7.7
2021-01-20,7.46
2021-01-21,7.48
2021-01-22,7.37
2021-01-25,7.25
2021-01-26,7.21
2021-01-27,7.27
2021-01-28,7.19
2021-01-29,7.02
2021-02-01,7.08
2021-02-02,6.98
2021-02-03,6.69
2021-02-04,6.57
2021-02-05,6.73
2021-02-08,6.69
2021-02-09,6.83
2021-02-10,6.97
2021-02-18,7.11
2021-02-19,7.22
2021-02-22,7.15
2021-02-23,7.13
2021-02-24,7.11
2021-02-25,7.12
2021-02-26,7.36
2021-03-01,7.48
2021-03-02,7.33
2021-03-03,7.32
2021-03-04,7.39
2021-03-05,7.5
2021-03-08,7.48
2021-03-09,7.42
2021-03-10,7.4
2021-03-11,7.39
2021-03-12,7.65
2021-03-15,7.61
2021-03-16,7.86
2021-03-17,8.13
2021-03-18,7.97
2021-03-19,7.92
2021-03-22,7.82
2021-03-23,7.74
2021-03-24,7.72
2021-03-25,7.68
2021-03-26,7.77
2021-03-29,7.83
2021-03-30,8.07
2021-03-31,7.92
2021-04-01,8.02
2021-04-02,8.0
2021-04-06,8.04
2021-04-07,7.95
2021-04-08,7.91
2021-04-09,8.09
2021-04-12,8.29
2021-04-13,8.27
2021-04-14,8.67
2021-04-15,8.97
2021-04-16,8.85
2021-04-19,8.8
2021-04-20,8.48
2021-04-21,8.35
2021-04-22,8.41
2021-04-23,8.37
2021-04-26,8.3
2021-04-27,7.76
2021-04-28,7.81
2021-04-29,7.66
2021-04-30,7.73
2021-05-06,7.73
2021-05-07,7.73
2021-05-10,7.81
2021-05-11,7.86
2021-05-12,8.03
2021-05-13,8.03
2021-05-14,7.97
2021-05-17,7.93
2021-05-18,7.84
2021-05-19,7.89
2021-05-20,7.83
2021-05-21,7.79
2021-05-24,7.81
2021-05-25,7.89
2021-05-26,7.92
2021-05-27,7.89
2021-05-28,8.68
2021-05-31,9.3
2021-06-01,8.9
2021-06-02,8.95
2021-06-03,9.12
2021-06-04,8.84
2021-06-07,8.92
2021-06-08,8.92
2021-06-09,9.11
2021-06-10,8.88
2021-06-11,8.49
2021-06-15,8.55
2021-06-16,8.93
2021-06-17,8.81
2021-06-18,8.96
2021-06-21,9.16
2021-06-22,9.04
2021-06-23,9.04
2021-06-24,8.76
2021-06-25,8.96
2021-06-28,9.04
2021-06-29,8.88
2021-06-30,9.2
2021-07-01,9.22
2021-07-02,8.73
2021-07-05,8.61
2021-07-06,9.47
2021-07-07,9.49
2021-07-08,9.64
2021-07-09,9.52
2021-07-12,10.03
2021-07-13,9.64
2021-07-14,9.74
2021-07-15,9.6
2021-07-16,9.41
2021-07-19,9.47
2021-07-20,9.19
2021-07-21,9.26
2021-07-22,9.5
2021-07-23,9.69
2021-07-26,9.25
2021-07-27,8.95
2021-07-28,9.04
2021-07-29,9.04
2021-07-30,8.91
2021-08-02,9.16
2021-08-03,9.38
2021-08-04,9.3
2021-08-05,9.23
2021-08-06,9.15
2021-08-09,9.15
2021-08-10,9.09
2021-08-11,9.04
2021-08-12,9.09
2021-08-13,9.6
2021-08-16,9.5
2021-08-17,9.31
2021-08-18,10.24
2021-08-19,10.01
2021-08-20,9.72
2021-08-23,10.18
2021-08-24,9.97
2021-08-25,9.91
2021-08-26,9.77
2021-08-27,9.69
2021-08-30,9.86
2021-08-31,9.47
2021-09-01,9.64
2021-09-02,9.68
2021-09-03,10.1
2021-09-06,10.09
2021-09-07,10.12
2021-09-08,10.16
2021-09-09,10.08
2021-09-10,10.36
2021-09-13,10.59
2021-09-14,10.09
2021-09-15,10.1
2021-09-16,10.18
2021-09-17,10.48
2021-09-22,10.85
2021-09-23,10.65
2021-09-24,10.22
2021-09-27,9.95
2021-09-28,9.98
2021-09-29,9.39
2021-09-30,9.48
2021-10-08,9.56
2021-10-11,9.61
2021-10-12,9.28
2021-10-13,9.17
2021-10-14,9.19
2021-10-15,9.08
2021-10-18,8.93
2021-10-19,8.98
2021-10-20,9.03
2021-10-21,8.82
2021-10-22,8.63
2021-10-25,8.81
2021-10-26,8.76
2021-10-27,8.42
2021-10-28,8.47
2021-10-29,8.49
2021-11-01,8.64
2021-11-02,8.55
2021-11-03,8.71
2021-11-04,8.74
2021-11-05,8.47
2021-11-08,8.37
2021-11-09,8.65
2021-11-10,8.75
2021-11-11,8.72
2021-11-12,8.77
2021-11-15,9.0
2021-11-16,8.94
2021-11-17,9.0
2021-11-18,8.87
2021-11-19,8.89
2021-11-22,8.99
2021-11-23,8.99
2021-11-24,8.85
2021-11-25,8.86
2021-11-26,8.65
2021-11-29,8.44
2021-11-30,8.55
2021-12-01,8.57
2021-12-02,8.39
2021-12-03,8.42
2021-12-06,8.58
2021-12-07,8.4
2021-12-08,8.5
2021-12-09,8.6
2021-12-10,8.62
2021-12-13,8.67
2021-12-14,8.78
2021-12-15,8.65
2021-12-16,8.42
2021-12-17,8.32
2021-12-20,8.37
2021-12-21,8.43
2021-12-22,8.47
2021-12-23,8.3
2021-12-24,8.53
2021-12-27,8.69
2021-12-28,8.61
2021-12-29,8.63
2021-12-30,8.73
2021-12-31,8.88
2022-01-04,8.95
2022-01-05,8.7
2022-01-06,8.97
2022-01-07,8.89
2022-01-10,8.84
2022-01-11,8.89
2022-01-12,9.26
2022-01-13,9.09
2022-01-14,9.17
2022-01-17,9.16
2022-01-18,8.77
2022-01-19,8.75
2022-01-20,8.65
2022-01-21,8.24
2022-01-24,8.1
2022-01-25,7.7
2022-01-26,7.64
2022-01-27,7.57
2022-01-28,7.59
2022-02-07,7.75
2022-02-08,7.89
2022-02-09,7.88
2022-02-10,7.91
2022-02-11,7.72
2022-02-14,7.72
2022-02-15,7.77
2022-02-16,7.81
2022-02-17,7.74
2022-02-18,7.77
2022-02-21,7.88
2022-02-22,7.83
2022-02-23,7.89
2022-02-24,7.69
2022-02-25,7.78
2022-02-28,7.86
2022-03-01,7.86
2022-03-02,7.88
2022-03-03,7.91
2022-03-04,7.94
2022-03-07,7.78
2022-03-08,7.51
2022-03-09,7.27
2022-03-10,7.4
2022-03-11,7.58
2022-03-14,7.54
2022-03-15,7.14
2022-03-16,7.22
2022-03-17,7.33
2022-03-18,7.45
2022-03-21,7.59
2022-03-22,7.55
2022-03-23,7.51
2022-03-24,7.63
2022-03-25,7.68
2022-03-28,7.58
2022-03-29,7.59
2022-03-30,7.61
2022-03-31,7.68
2022-04-01,7.68
2022-04-06,7.74
2022-04-07,7.56
2022-04-08,7.37
2022-04-11,7.18
2022-04-12,7.42
2022-04-13,7.3
2022-04-14,7.51
2022-04-15,7.51
2022-04-18,7.7
2022-04-19,7.61
2022-04-20,7.42
2022-04-21,7.17
2022-04-22,7.16
2022-04-25,6.44
2022-04-26,5.97
2022-04-27,6.04
2022-04-28,6.03
2022-04-29,6.34
2022-05-05,6.54
2022-05-06,6.55
2022-05-09,6.87
2022-05-10,6.74
2022-05-11,6.64
2022-05-12,6.75
2022-05-13,6.74
2022-05-16,6.8
2022-05-17,6.67
2022-05-18,6.85
2022-05-19,6.79
2022-05-20,6.8
2022-05-23,6.87
2022-05-24,6.6
2022-05-25,6.72
2022-05-26,6.72
2022-05-27,6.73
2022-05-30,6.83
2022-05-31,6.89
2022-06-01,6.93
2022-06-02,6.99
2022-06-06,7.02
2022-06-07,6.96
2022-06-08,6.95
2022-06-09,6.86
2022-06-10,6.95
2022-06-13,6.93
2022-06-14,6.92
2022-06-15,7.1
2022-06-16,6.96
2022-06-17,6.96
2022-06-20,7.03
2022-06-21,6.98
2022-06-22,6.92
2022-06-23,6.92
2022-06-24,6.93
2022-06-27,6.98
2022-06-28,7.04
2022-06-29,6.92
2022-06-30,6.98
2022-07-01,7.08
2022-07-04,7.2
2022-07-05,7.57
2022-07-06,7.34
2022-07-07,7.31
2022-07-08,7.27
2022-07-11,7.23
2022-07-12,7.02
2022-07-13,7.03
2022-07-14,7.11
2022-07-15,7.0
2022-07-18,7.12
2022-07-19,7.12
2022-07-20,7.21
2022-07-21,7.2
2022-07-22,7.2
2022-07-25,7.13
2022-07-26,7.15
2022-07-27,7.15
2022-07-28,7.17
2022-07-29,7.07
2022-08-01,7.14
2022-08-02,6.72
2022-08-03,6.7
2022-08-04,6.77
2022-08-05,7.04
2022-08-08,7.1
2022-08-09,7.41
2022-08-10,7.28
2022-08-11,7.35
2022-08-12,7.46
2022-08-15,7.29
2022-08-16,7.25
2022-08-17,7.41
2022-08-18,7.38
2022-08-19,7.41
2022-08-22,7.38
2022-08-23,7.37
2022-08-24,7.27
2022-08-25,7.31
2022-08-26,7.39
2022-08-29,7.3
2022-08-30,8.03
2022-08-31,8.09
2022-09-01,8.27
2022-09-02,7.82
2022-09-05,7.72
2022-09-06,7.72
2022-09-07,7.57
2022-09-08,7.39
2022-09-09,7.45
2022-09-13,7.52
2022-09-14,7.51
2022-09-15,7.38
2022-09-16,6.84
2022-09-19,6.68
2022-09-20,6.73
2022-09-21,6.76
2022-09-22,6.57
2022-09-23,6.47
2022-09-26,6.35
2022-09-27,6.54
2022-09-28,6.4
2022-09-29,6.46
2022-09-30,6.49
2022-10-10,6.39
2022-10-11,6.35
2022-10-12,6.47
2022-10-13,6.68
2022-10-14,6.88
2022-10-17,6.93
2022-10-18,7.17
2022-10-19,7.01
2022-10-20,7.03
2022-10-21,6.97
2022-10-24,6.8
2022-10-25,6.7
2022-10-26,6.97
2022-10-27,7.11
2022-10-28,6.92
2022-10-31,6.98
2022-11-01,7.09
2022-11-02,7.08
2022-11-03,6.99
2022-11-04,7.02
2022-11-07,7.13
2022-11-08,7.2
2022-11-09,7.23
2022-11-10,7.27
2022-11-11,7.26
2022-11-14,7.37
2022-11-15,7.38
2022-11-16,7.38
2022-11-17,7.52
2022-11-18,7.55
2022-11-21,7.6
2022-11-22,7.38
2022-11-23,7.21
2022-11-24,7.33
2022-11-25,7.21
2022-11-28,7.05
2022-11-29,7.27
2022-11-30,7.24
2022-12-01,7.23
2022-12-02,7.32
2022-12-05,7.49
2022-12-06,7.21
2022-12-07,7.64
2022-12-08,7.48
2022-12-09,7.27
2022-12-12,7.59
2022-12-13,7.85
2022-12-14,7.48
2022-12-15,7.39
2022-12-16,7.66
2022-12-19,7.07
2022-12-20,6.64
2022-12-21,6.42
2022-12-22,6.09
2022-12-23,5.9
2022-12-26,5.86
2022-12-27,5.76
2022-12-28,5.69
2022-12-29,5.82
2022-12-30,5.85
2023-01-03,6.11
2023-01-04,6.08
2023-01-05,6.1
2023-01-06,5.98
2023-01-09,6.05
2023-01-10,5.98
2023-01-11,5.94
2023-01-12,5.88
2023-01-13,5.95
2023-01-16,6.03
2023-01-17,5.93
2023-01-18,5.99
2023-01-19,5.99
2023-01-20,6.08
2023-01-30,6.18
2023-01-31,6.13
2023-02-01,6.25
2023-02-02,6.29
2023-02-03,6.26
2023-02-06,6.24
2023-02-07,6.24
2023-02-08,6.28
2023-02-09,6.28
2023-02-10,6.31
2023-02-13,6.37
2023-02-14,6.41
2023-02-15,6.41
2023-02-16,6.28
2023-02-17,6.38
2023-02-20,6.39
2023-02-21,6.39
2023-02-22,6.42
2023-02-23,6.36
2023-02-24,6.33
2023-02-27,6.24
2023-02-28,6.37
2023-03-01,6.37
2023-03-02,6.32
2023-03-03,6.33
2023-03-06,6.32
2023-03-07,6.18
2023-03-08,6.16
2023-03-09,6.2
2023-03-10,6.11
2023-03-13,6.09
2023-03-14,6.01
2023-03-15,6.12
2023-03-16,6.08
2023-03-17,6.06
2023-03-20,5.98
2023-03-21,6.06
2023-03-22,6.14
2023-03-23,6.08
2023-03-24,6.06
2023-03-27,6.08
2023-03-28,6.16
2023-03-29,6.09
2023-03-30,6.03
2023-03-31,6.11
2023-04-03,6.21
2023-04-04,6.23
2023-04-06,6.19
2023-04-07,6.3
2023-04-10,6.26
2023-04-11,6.29
2023-04-12,6.26
2023-04-13,6.29
2023-04-14,6.26
2023-04-17,6.28
2023-04-18,6.29
2023-04-19,6.25
2023-04-20,6.24
2023-04-21,6.14
2023-04-24,6.36
2023-04-25,6.18
2023-04-26,6.32
2023-04-27,6.42
2023-04-28,6.43
2023-05-04,6.45
2023-05-05,6.34
2023-05-08,6.29
2023-05-09,6.27
2023-05-10,6.19
2023-05-11,6.25
2023-05-12,6.21
2023-05-15,6.17
2023-05-16,6.24
2023-05-17,6.18
2023-05-18,6.13
2023-05-19,6.12
2023-05-22,6.06
2023-05-23,6.04
2023-05-24,5.91
2023-05-25,5.84
2023-05-26,5.93
2023-05-29,5.89
2023-05-30,5.89
2023-05-31,5.88
2023-06-01,5.84
2023-06-02,5.86
2023-06-05,5.9
2023-06-06,6.12
2023-06-07,6.12
2023-06-08,6.02
2023-06-09,6.1
2023-06-12,6.0
2023-06-13,5.95
2023-06-14,5.96
2023-06-15,5.94
2023-06-16,5.92
2023-06-19,5.89
2023-06-20,5.85
2023-06-21,5.83
2023-06-26,5.62
2023-06-27,5.72
2023-06-28,5.68
2023-06-29,5.74
2023-06-30,5.78
2023-07-03,5.81
2023-07-04,5.83
2023-07-05,5.79
2023-07-06,5.77
2023-07-07,5.93
2023-07-10,6.02
2023-07-11,6.15
2023-07-12,6.25
2023-07-13,6.21
2023-07-14,6.18
2023-07-17,6.23
2023-07-18,6.26
2023-07-19,6.18
2023-07-20,6.23
2023-07-21,6.3
2023-07-24,6.39
2023-07-25,6.4
2023-07-26,6.36
2023-07-27,6.41
2023-07-28,6.45
2023-07-31,6.38
2023-08-01,6.36
2023-08-02,6.4
2023-08-03,6.72
2023-08-04,7.39
2023-08-07,6.89
2023-08-08,7.58
2023-08-09,7.44
2023-08-10,7.78
2023-08-11,7.3
2023-08-14,7.38
2023-08-15,7.37
2023-08-16,7.22
2023-08-17,7.16
2023-08-18,6.96
2023-08-21,6.9
2023-08-22,6.88
2023-08-23,6.75
2023-08-24,6.77
2023-08-25,6.8
2023-08-28,7.08
2023-08-29,7.16
2023-08-30,7.07
2023-08-31,7.05
2023-09-01,6.91
2023-09-04,6.94
2023-09-05,6.81
2023-09-06,6.75
2023-09-07,6.62
2023-09-08,6.64
2023-09-11,6.79
2023-09-12,6.78
2023-09-13,6.72
2023-09-14,6.69
2023-09-15,6.77
2023-09-18,6.76
2023-09-19,6.74
2023-09-20,6.75
2023-09-21,6.68
2023-09-22,6.76
2023-09-25,6.8
2023-09-26,6.69
2023-09-27,6.83
2023-09-28,6.8
2023-10-09,6.76
2023-10-10,6.68
2023-10-11,6.73
2023-10-12,6.92
2023-10-13,6.92
2023-10-16,6.9
2023-10-17,6.77
2023-10-18,6.66
2023-10-19,6.56
2023-10-20,6.46
2023-10-23,6.36
2023-10-24,6.42
2023-10-25,6.47
2023-10-26,6.47
2023-10-27,6.67
2023-10-30,6.78
2023-10-31,6.84
2023-11-01,6.81
2023-11-02,6.85
2023-11-03,6.86
2023-11-06,7.05
2023-11-07,6.91
2023-11-08,6.9
2023-11-09,6.81
2023-11-10,6.83
2023-11-13,6.79
2023-11-14,6.93
2023-11-15,6.97
2023-11-16,6.91
2023-11-17,6.97
2023-11-20,6.97
2023-11-21,7.01
2023-11-22,6.99
2023-11-23,7.09
2023-11-24,7.13
2023-11-27,7.12
2023-11-28,7.14
2023-11-29,7.06
2023-11-30,7.18
2023-12-01,7.15
2023-12-04,7.1
2023-12-05,7.06
2023-12-06,7.08
2023-12-07,7.07
2023-12-08,6.97
2023-12-11,6.88
2023-12-12,6.93
2023-12-13,6.94
2023-12-14,6.87
2023-12-15,6.87
2023-12-18,6.78
2023-12-19,6.79
2023-12-20,6.73
2023-12-21,6.68
2023-12-22,6.61
2023-12-25,6.56
2023-12-26,6.74
2023-12-27,6.9
2023-12-28,6.86
2023-12-29,6.87
2024-01-02,6.86
2024-01-03,6.88
2024-01-04,6.86
2024-01-05,6.68
2024-01-08,6.47
2024-01-09,6.38
2024-01-10,6.33
2024-01-11,6.45
2024-01-12,6.35
2024-01-15,6.4
2024-01-16,6.38
2024-01-17,6.26
2024-01-18,6.11
2024-01-19,6.05
2024-01-22,5.71
2024-01-23,5.72
2024-01-24,5.99
2024-01-25,6.18
2024-01-26,6.19
2024-01-29,6.03
2024-01-30,5.86
2024-01-31,5.58
2024-02-01,5.38
2024-02-02,5.09
2024-02-05,4.58
2024-02-06,4.78
2024-02-07,4.69
2024-02-08,4.88
2024-02-19,5.19
2024-02-20,5.3
2024-02-21,5.27
2024-02-22,5.33
2024-02-23,5.38
2024-02-26,5.6
2024-02-27,5.67
2024-02-28,5.37
2024-02-29,5.49
2024-03-01,5.5
2024-03-04,5.51
2024-03-05,5.42
2024-03-06,5.48
2024-03-07,5.39
2024-03-08,5.5
2024-03-11,5.52
2024-03-12,5.62
2024-03-13,5.58
2024-03-14,5.58
2024-03-15,5.64
2024-03-18,5.73
2024-03-19,5.72
2024-03-20,5.73
2024-03-21,5.72
2024-03-22,5.65
2024-03-25,5.67
2024-03-26,5.67
2024-03-27,5.51
2024-03-28,5.59
2024-03-29,5.59
2024-04-01,5.81
2024-04-02,5.79
2024-04-03,5.77
2024-04-08,5.64
2024-04-09,5.75
2024-04-10,5.7
2024-04-11,5.71
2024-04-12,5.56
2024-04-15,5.32
2024-04-16,4.97
2024-04-17,5.31
2024-04-18,5.31
2024-04-19,5.29
2024-04-22,5.33
2024-04-23,5.4
2024-04-24,5.44
2024-04-25,5.53
2024-04-26,5.56
2024-04-29,5.72
2024-04-30,5.74
2024-05-06,5.94
2024-05-07,5.98
2024-05-08,6.07
2024-05-09,6.09
2024-05-10,5.97
2024-05-13,5.88
2024-05-14,5.88
2024-05-15,5.81
2024-05-16,5.81
2024-05-17,5.8
2024-05-20,5.81
2024-05-21,5.77
2024-05-22,5.76
2024-05-23,5.62
2024-05-24,5.62
2024-05-27,5.59
2024-05-28,5.5
2024-05-29,5.46
2024-05-30,5.39
2024-05-31,5.4
2024-06-03,5.26
2024-06-04,5.21
2024-06-05,5.17
2024-06-06,4.93
2024-06-07,5.16
2024-06-11,5.08
2024-06-12,5.19
2024-06-13,5.11
2024-06-14,5.07
2024-06-17,4.99
2024-06-18,4.94
2024-06-19,4.78
2024-06-20,4.66
2024-06-21,4.88
2024-06-24,4.57
2024-06-25,4.6
2024-06-26,4.72
2024-06-27,4.59
2024-06-28,4.57
2024-07-01,4.64
2024-07-02,4.74
2024-07-03,4.69
2024-07-04,4.53
2024-07-05,4.7
2024-07-08,4.47
2024-07-09,4.49
2024-07-10,4.48
2024-07-11,4.64
2024-07-12,4.7
2024-07-15,4.56
2024-07-16,4.53
2024-07-17,4.6
2024-07-18,4.61
2024-07-19,4.66
2024-07-22,4.68
2024-07-23,4.61
2024-07-24,4.52
2024-07-25,4.58
2024-07-26,4.63
2024-07-29,4.68
2024-07-30,4.74
2024-07-31,4.84
2024-08-01,5.32
2024-08-02,5.46
2024-08-05,4.97
2024-08-06,5.47
2024-08-07,5.72
2024-08-08,5.6
2024-08-09,5.36
2024-08-12,5.37
2024-08-13,5.21
2024-08-14,5.18
2024-08-15,5.18
2024-08-16,5.11
2024-08-19,5.1
2024-08-20,4.97
2024-08-21,4.88
2024-08-22,4.81
2024-08-23,4.77
2024-08-26,4.76
2024-08-27,4.76
2024-08-28,4.78
2024-08-29,4.82
2024-08-30,4.87
2024-09-02,4.84
2024-09-03,4.79
2024-09-04,4.74
2024-09-05,4.81
2024-09-06,4.76
2024-09-09,4.95
2024-09-10,4.86
2024-09-11,4.79
2024-09-12,4.81
2024-09-13,4.83
2024-09-18,4.72
2024-09-19,4.85
2024-09-20,4.8
2024-09-23,4.81
2024-09-24,5.04
2024-09-25,5.1
2024-09-26,5.31
2024-09-27,5.57
2024-09-30,6.13
2024-10-08,6.74
2024-10-09,6.07
2024-10-10,5.88
2024-10-11,5.63
2024-10-14,5.67
2024-10-15,5.56
2024-10-16,5.57
2024-10-17,5.53
2024-10-18,5.63
2024-10-21,5.64
2024-10-22,5.76
2024-10-23,5.72
2024-10-24,5.71
2024-10-25,5.82
2024-10-28,6.02
2024-10-29,5.93
2024-10-30,5.89
2024-10-31,5.98
2024-11-01,5.91
2024-11-04,5.97
2024-11-05,6.0
2024-11-06,6.07
2024-11-07,6.24
2024-11-08,6.14
2024-11-11,6.18
2024-11-12,6.15
2024-11-13,6.12
2024-11-14,5.93
2024-11-15,5.8
2024-11-18,5.73
2024-11-19,5.89
2024-11-20,6.08
2024-11-21,6.04
2024-11-22,5.75
2024-11-25,5.87
2024-11-26,5.95
2024-11-27,6.06
2024-11-28,6.18
2024-11-29,6.2
2024-12-02,6.3
2024-12-03,6.13
2024-12-04,6.0
2024-12-05,6.02
2024-12-06,6.1
2024-12-09,6.03
2024-12-10,6.02
2024-12-11,6.19
2024-12-12,6.81
2024-12-13,7.49
2024-12-16,8.24
2024-12-17,7.42
2024-12-18,6.99
2024-12-19,6.58
2024-12-20,6.54
2024-12-23,6.18
2024-12-24,6.16
2024-12-25,5.95
2024-12-26,5.96
2024-12-27,6.06
2024-12-30,5.96
2024-12-31,5.8
2025-01-02,5.7
2025-01-03,5.47
2025-01-06,5.56
2025-01-07,5.61
2025-01-08,5.69
2025-01-09,5.64
2025-01-10,5.41
2025-01-13,5.4
2025-01-14,5.64
2025-01-15,5.7
2025-01-16,6.27
2025-01-17,6.09
2025-01-20,6.11
2025-01-21,5.99
2025-01-22,5.91
2025-01-23,6.5
2025-01-24,6.4
2025-01-27,6.35
2025-02-05,6.42
2025-02-06,6.63
2025-02-07,6.58
2025-02-10,6.66
2025-02-11,6.48
2025-02-12,6.5
2025-02-13,6.4
2025-02-14,6.49
2025-02-17,6.56
2025-02-18,6.24
2025-02-19,6.32
2025-02-20,6.34
2025-02-21,6.29
2025-02-24,6.32
2025-02-25,6.27
2025-02-26,6.35
2025-02-27,6.5
2025-02-28,6.41
2025-03-03,6.25
2025-03-04,6.43
2025-03-05,6.38
2025-03-06,6.53
2025-03-07,6.36
2025-03-10,6.42
2025-03-11,6.37
2025-03-12,6.32
2025-03-13,6.3
2025-03-14,6.49
2025-03-17,6.45
2025-03-18,6.46
2025-03-19,6.42
2025-03-20,6.46
2025-03-21,6.3
2025-03-24,6.13
2025-03-25,6.21
2025-03-26,6.27
2025-03-27,6.52
2025-03-28,6.38
2025-03-31,6.23
2025-04-01,6.85
2025-04-02,6.86
2025-04-03,7.27
2025-04-07,6.54
2025-04-08,6.22
2025-04-09,6.07
2025-04-10,6.16
2025-04-11,6.19
2025-04-14,6.38
2025-04-15,6.34
2025-04-16,6.09
2025-04-17,6.31
2025-04-18,6.21
2025-04-21,6.27
2025-04-22,6.27
2025-04-23,6.2
2025-04-24,6.25
2025-04-25,6.16
2025-04-28,6.11
2025-04-29,6.11
2025-04-30,6.14
2025-05-06,6.26
2025-05-07,6.54
2025-05-08,6.55
2025-05-09,6.46
2025-05-12,6.47
2025-05-13,6.43
2025-05-14,6.56
2025-05-15,6.48
2025-05-16,6.51
2025-05-19,6.54
2025-05-20,6.63
2025-05-21,6.58
2025-05-22,6.52
2025-05-23,6.53
2025-05-26,6.48
2025-05-27,6.63
2025-05-28,6.57
2025-05-29,6.84
2025-05-30,6.92
2025-06-03,7.06
2025-06-04,6.97
2025-06-05,6.84
2025-06-06,6.87
2025-06-09,7.24
2025-06-10,7.21
2025-06-11,7.13
2025-06-12,7.27
2025-06-13,6.95
2025-06-16,7.1
2025-06-17,7.0
2025-06-18,6.7
2025-06-19,6.43
2025-06-20,6.36
2025-06-23,6.44
2025-06-24,6.63
2025-06-25,6.72
2025-06-26,6.56
2025-06-27,6.7
2025-06-30,6.69
2025-07-01,6.81
2025-07-02,6.87
2025-07-03,6.98
2025-07-04,6.87
2025-07-07,6.88
2025-07-08,6.92
2025-07-09,6.84
2025-07-10,6.98
2025-07-11,7.1
2025-07-14,7.12
2025-07-15,7.05
2025-07-16,7.1
2025-07-17,7.2
2025-07-18,7.23
2025-07-21,7.25
2025-07-22,7.17
2025-07-23,7.15
2025-07-24,7.2
2025-07-25,7.14
2025-07-28,7.15
2025-07-29,7.14
2025-07-30,7.25
2025-07-31,7.19
2025-08-01,7.31
2025-08-04,7.18
2025-08-05,7.21
2025-08-06,7.07
2025-08-07,6.97
2025-08-08,6.97
2025-08-11,7.1
2025-08-12,7.06
2025-08-13,7.06
2025-08-14,6.92
2025-08-15,7.15
2025-08-18,7.35
2025-08-19,7.26
2025-08-20,7.25
2025-08-21,7.2
2025-08-22,7.29
2025-08-25,7.35
2025-08-26,7.22
2025-08-27,7.02
2025-08-28,6.94
2025-08-29,6.85
2025-09-01,6.94
2025-09-02,6.81
2025-09-03,6.7
2025-09-04,6.69
2025-09-05,6.76
2025-09-08,6.82
2025-09-09,6.73
2025-09-10,6.72
2025-09-11,6.74
2025-09-12,6.78
2025-09-15,6.75
2025-09-16,6.96
2025-09-17,6.89
2025-09-18,6.77
2025-09-19,6.72
2025-09-22,6.65
2025-09-23,6.53
2025-09-24,6.6
2025-09-25,6.56
2025-09-26,6.55
2025-09-29,6.67
2025-09-30,6.56
2025-10-09,6.6
2025-10-10,6.62
2025-10-13,6.55
2025-10-14,6.61
2025-10-15,6.74
2025-10-16,6.72
2025-10-17,6.61
2025-10-20,6.63
2025-10-21,6.76
2025-10-22,6.79
2025-10-23,6.81
2025-10-24,6.73
2025-10-27,6.71
2025-10-28,6.81
2025-10-29,6.76
2025-10-30,6.67
2025-10-31,6.78
2025-11-03,6.88
2025-11-04,6.86
2025-11-05,6.88
2025-11-06,6.86
2025-11-07,6.88
2025-11-10,6.95
2025-11-11,7.0
2025-11-12,6.97
2025-11-13,7.04
2025-11-14,7.1
2025-11-17,7.06
2025-11-18,7.02
2025-11-19,6.88
2025-11-20,6.89
2025-11-21,6.51
2025-11-24,6.69
2025-11-25,6.77
2025-11-26,6.8
2025-11-27,6.83
2025-11-28,6.87
2025-12-01,6.92
2025-12-02,7.31
2025-12-03,7.28
2025-12-04,7.1
2025-12-05,7.39
2025-12-08,7.35
2025-12-09,7.28
2025-12-10,7.21
2025-12-11,7.07
2025-12-12,6.89
2025-12-15,6.91
2025-12-16,6.68
2025-12-17,6.69
2025-12-18,6.94
2025-12-19,7.13
2025-12-22,7.12
2025-12-23,7.1
2025-12-24,7.13
2025-12-25,7.12
2025-12-26,7.01
2025-12-29,6.93
2025-12-30,6.99
2025-12-31,6.83
2026-01-05,7.01
2026-01-06,7.21
2026-01-07,7.4
2026-01-08,7.4
2026-01-09,7.47
2026-01-12,7.43
2026-01-13,7.39
2026-01-14,7.43
2026-01-15,7.38
2026-01-16,7.24
2026-01-19,7.31
2026-01-20,7.38
2026-01-21,7.6
2026-01-22,8.0
2026-01-23,8.09
2026-01-26,7.83
2026-01-27,7.69
2026-01-28,7.74
2026-01-29,7.73
2026-01-30,7.71
2026-02-02,7.66
2026-02-03,7.84
2026-02-04,7.8
2026-02-05,7.81
2026-02-06,8.06
2026-02-09,8.19
2026-02-10,8.16
2026-02-11,8.44
2026-02-12,8.49
2026-02-13,8.34
2026-02-24,8.38
2026-02-25,8.25
2026-02-26,8.24
2026-02-27,8.3
2026-03-02,7.9
2026-03-03,7.7
2026-03-04,7.75
2026-03-05,7.88
2026-03-06,7.98
2026-03-09,8.78
2026-03-10,8.95
2026-03-11,8.98
2026-03-12,8.9
2026-03-13,8.84
2026-03-16,8.99
2026-03-17,8.63
2026-03-18,8.55
2026-03-19,8.12
2026-03-20,7.94
2026-03-23,7.15
2026-03-24,7.44
2026-03-25,7.71
2026-03-26,7.86
2026-03-27,8.0
