date,close_raw
2010-01-04,8.43
2010-01-05,8.38
2010-01-06,8.34
2010-01-07,8.15
2010-01-08,8.22
2010-01-11,8.24
2010-01-12,8.37
2010-01-13,8.2
2010-01-14,8.37
2010-01-15,8.49
2010-01-18,8.55
2010-01-19,8.55
2010-01-20,8.28
2010-01-21,8.43
2010-01-22,8.24
2010-01-25,8.1
2010-01-26,7.87
2010-01-27,7.77
2010-01-28,7.78
2010-01-29,7.8
2010-02-01,7.6
2010-02-02,7.49
2010-02-03,7.61
2010-02-04,7.91
2010-02-05,7.81
2010-02-08,7.81
2010-02-09,7.82
2010-02-10,7.84
2010-02-11,7.77
2010-02-12,7.88
2010-02-22,7.85
2010-02-23,7.83
2010-02-24,8.07
2010-02-25,8.1
2010-02-26,8.05
2010-03-01,8.09
2010-03-02,8.06
2010-03-03,8.34
2010-03-04,8.45
2010-03-05,8.31
2010-03-08,8.2
2010-03-09,8.16
2010-03-10,8.04
2010-03-11,8.0
2010-03-12,8.11
2010-03-15,8.03
2010-03-16,8.22
2010-03-17,8.27
2010-03-18,8.2
2010-03-19,8.21
2010-03-22,8.1
2010-03-23,8.26
2010-03-24,8.18
2010-03-25,7.9
2010-03-26,8.01
2010-03-29,8.01
2010-03-31,7.88
2010-04-01,8.1
2010-04-02,8.53
2010-04-06,8.62
2010-04-07,8.55
2010-04-08,8.64
2010-04-09,8.77
2010-04-12,8.74
2010-04-13,8.72
2010-04-14,8.69
2010-04-15,8.71
2010-04-16,8.57
2010-04-19,8.36
2010-04-20,8.39
2010-04-21,8.55
2010-04-22,8.81
2010-04-23,8.67
2010-04-26,8.79
2010-04-27,8.61
2010-04-28,8.74
2010-04-29,8.68
2010-04-30,8.52
2010-05-04,8.42
2010-05-05,8.7
2010-05-06,8.51
2010-05-07,8.53
2010-05-10,8.52
2010-05-11,8.07
2010-05-12,7.38
2010-05-13,7.35
2010-05-14,7.36
2010-05-17,6.7
2010-05-18,6.85
2010-05-19,6.9
2010-05-20,6.89
2010-05-21,7.01
2010-05-24,7.27
2010-05-25,7.25
2010-05-26,7.2
2010-05-27,7.46
2010-05-28,7.37
2010-05-31,7.14
2010-06-01,7.01
2010-06-02,7.15
2010-06-03,7.0
2010-06-04,7.01
2010-06-07,6.84
2010-06-08,6.98
2010-06-09,7.12
2010-06-10,7.02
2010-06-11,7.15
2010-06-17,7.14
2010-06-18,7.02
2010-06-21,7.15
2010-06-22,7.19
2010-06-23,7.16
2010-06-24,7.15
2010-06-25,7.11
2010-06-28,7.09
2010-06-29,6.75
2010-06-30,6.81
2010-07-01,6.74
2010-07-02,6.78
2010-07-05,6.76
2010-07-06,6.87
2010-07-07,6.81
2010-07-08,6.79
2010-07-09,6.88
2010-07-12,6.91
2010-07-13,7.09
2010-07-14,7.04
2010-07-15,6.84
2010-07-16,6.89
2010-07-19,6.98
2010-07-20,7.09
2010-07-21,7.19
2010-07-22,7.2
2010-07-23,7.14
2010-07-26,7.22
2010-07-27,7.2
2010-07-28,7.26
2010-07-29,7.25
2010-07-30,7.26
2010-08-02,7.31
2010-08-03,7.17
2010-08-04,7.21
2010-08-05,7.25
2010-08-06,7.4
2010-08-09,7.45
2010-08-10,7.19
2010-08-11,7.21
2010-08-12,7.12
2010-08-13,7.4
2010-08-16,7.57
2010-08-17,7.53
2010-08-18,7.47
2010-08-19,7.45
2010-08-20,7.24
2010-08-23,7.27
2010-08-24,7.41
2010-08-25,7.25
2010-08-26,7.24
2010-08-27,7.31
2010-08-30,7.4
2010-08-31,7.47
2010-09-01,7.32
2010-09-02,7.71
2010-09-03,7.89
2010-09-06,8.1
2010-09-07,8.24
2010-09-08,8.38
2010-09-09,8.28
2010-09-10,8.54
2010-09-13,8.72
2010-09-14,8.92
2010-09-15,8.82
2010-09-16,8.96
2010-09-17,8.81
2010-09-20,9.2
2010-09-21,8.97
2010-09-27,9.14
2010-09-28,9.66
2010-09-29,9.95
2010-09-30,10.14
2010-10-08,10.5
2010-10-11,10.7
2010-10-12,10.41
2010-10-13,11.1
2010-10-14,11.11
2010-10-15,11.15
2010-10-18,10.06
2010-10-19,10.51
2010-10-20,10.97
2010-10-21,10.99
2010-10-22,12.03
2010-10-25,12.1
2010-10-26,12.49
2010-10-27,12.17
2010-10-28,11.98
2010-10-29,11.71
2010-11-01,12.11
2010-11-02,11.83
2010-11-03,11.4
2010-11-04,12.05
2010-11-05,12.12
2010-11-08,12.42
2010-11-09,12.4
2010-11-10,12.12
2010-11-11,11.88
2010-11-12,10.84
2010-11-15,11.3
2010-11-16,10.59
2010-11-17,9.94
2010-11-19,10.45
2010-11-22,10.45
2010-11-23,10.02
2010-11-24,10.14
2010-11-25,11.15
2010-11-26,11.12
2010-11-29,10.99
2010-11-30,10.78
2010-12-01,11.41
2010-12-02,11.54
2010-12-03,11.36
2010-12-06,11.2
2010-12-07,11.3
2010-12-08,11.1
2010-12-09,10.67
2010-12-10,10.92
2010-12-13,11.19
2010-12-14,11.45
2010-12-15,11.4
2010-12-16,11.33
2010-12-17,11.43
2010-12-20,11.15
2010-12-21,11.28
2010-12-22,11.82
2010-12-23,11.71
2010-12-24,11.26
2010-12-27,11.06
2010-12-28,10.95
2010-12-29,11.17
2010-12-30,11.23
2010-12-31,11.66
2011-01-04,11.9
2011-01-05,11.79
2011-01-06,12.04
2011-01-07,12.07
2011-01-10,11.69
2011-01-11,11.65
2011-01-12,11.95
2011-01-13,11.88
2011-01-14,11.54
2011-01-17,10.75
2011-01-18,10.54
2011-01-19,10.99
2011-01-20,10.32
2011-01-21,10.42
2011-01-24,10.11
2011-01-25,10.11
2011-01-26,10.44
2011-01-27,10.6
2011-01-28,10.6
2011-01-31,11.62
2011-02-01,11.41
2011-02-09,11.07
2011-02-10,11.28
2011-02-11,11.42
2011-02-14,11.56
2011-02-15,12.28
2011-02-16,12.27
2011-02-17,12.37
2011-02-18,12.06
2011-02-21,12.67
2011-02-22,11.69
2011-02-23,12.86
2011-02-24,13.21
2011-02-25,13.52
2011-02-28,13.59
2011-03-01,13.87
2011-03-02,14.16
2011-03-03,13.76
2011-03-04,13.96
2011-03-07,13.81
2011-03-08,13.95
2011-03-09,13.41
2011-03-10,13.5
2011-03-11,13.49
2011-03-14,13.8
2011-03-15,14.64
2011-03-16,14.47
2011-03-17,14.23
2011-03-18,14.09
2011-03-21,13.68
2011-03-22,13.56
2011-03-23,14.33
2011-03-24,14.21
2011-03-25,14.61
2011-03-28,14.23
2011-03-29,13.44
2011-03-30,13.11
2011-03-31,12.95
2011-04-01,13.19
2011-04-06,12.95
2011-04-07,13.14
2011-04-08,13.12
2011-04-11,12.74
2011-04-12,12.86
2011-04-13,13.19
2011-04-14,13.22
2011-04-18,13.32
2011-04-19,12.81
2011-04-20,12.82
2011-04-21,12.85
2011-04-22,12.45
2011-04-25,12.42
2011-04-26,12.42
2011-04-27,12.43
2011-04-28,12.43
2011-04-29,12.84
2011-05-03,12.83
2011-05-04,12.53
2011-05-05,12.15
2011-05-06,12.19
2011-05-09,12.2
2011-05-10,12.92
2011-05-11,12.78
2011-05-12,13.05
2011-05-13,13.05
2011-05-16,12.88
2011-05-17,12.86
2011-05-18,12.41
2011-05-19,12.33
2011-05-20,12.12
2011-05-23,12.05
2011-05-24,11.31
2011-05-25,11.3
2011-05-26,11.31
2011-05-27,10.52
2011-05-30,10.35
2011-05-31,10.58
2011-06-01,10.93
2011-06-02,10.67
2011-06-03,11.01
2011-06-07,11.41
2011-06-08,11.26
2011-06-09,10.87
2011-06-10,10.86
2011-06-13,10.63
2011-06-14,10.75
2011-06-15,10.52
2011-06-16,10.4
2011-06-17,10.23
2011-06-20,10.11
2011-06-21,10.2
2011-06-22,10.38
2011-06-23,10.44
2011-06-24,10.55
2011-06-27,10.9
2011-06-28,10.79
2011-06-29,10.68
2011-06-30,10.73
2011-07-01,10.76
2011-07-04,11.03
2011-07-05,11.09
2011-07-06,11.27
2011-07-07,11.14
2011-07-08,10.98
2011-07-11,11.03
2011-07-12,10.78
2011-07-13,11.84
2011-07-14,11.71
2011-07-15,11.64
2011-07-18,11.66
2011-07-19,11.59
2011-07-20,11.87
2011-07-21,11.85
2011-07-22,12.3
2011-07-25,11.93
2011-07-26,11.98
2011-07-27,11.94
2011-07-28,11.59
2011-07-29,11.39
2011-08-01,11.5
2011-08-02,11.52
2011-08-03,11.62
2011-08-04,11.59
2011-08-05,11.08
2011-08-08,10.91
2011-08-09,10.73
2011-08-10,10.74
2011-08-11,10.75
2011-08-12,10.74
2011-08-15,10.76
2011-08-16,10.73
2011-08-17,10.55
2011-08-18,10.3
2011-08-19,10.18
2011-08-22,10.15
2011-08-23,10.27
2011-08-24,10.32
2011-08-25,10.46
2011-08-26,10.42
2011-08-29,10.8
2011-08-30,11.04
2011-08-31,10.86
2011-09-01,10.38
2011-09-02,10.15
2011-09-05,9.63
2011-09-06,9.42
2011-09-07,9.61
2011-09-08,9.4
2011-09-09,9.22
2011-09-13,9.04
2011-09-14,9.18
2011-09-15,9.18
2011-09-16,9.01
2011-09-19,8.68
2011-09-20,8.71
2011-09-21,8.97
2011-09-22,8.48
2011-09-23,8.25
2011-09-26,8.28
2011-09-27,8.56
2011-09-28,8.62
2011-09-29,8.63
2011-09-30,8.67
2011-10-10,8.59
2011-10-11,8.56
2011-10-12,8.64
2011-10-13,8.7
2011-10-14,8.51
2011-10-17,8.53
2011-10-18,8.12
2011-10-19,7.99
2011-10-20,7.52
2011-10-21,7.27
2011-10-24,7.32
2011-10-25,7.57
2011-10-26,7.67
2011-10-27,7.7
2011-10-28,7.82
2011-10-31,7.9
2011-11-01,8.38
2011-11-02,8.4
2011-11-03,8.7
2011-11-04,9.05
2011-11-07,8.68
2011-11-08,8.66
2011-11-09,8.72
2011-11-10,8.63
2011-11-11,8.58
2011-11-14,8.93
2011-11-15,9.08
2011-11-16,8.78
2011-11-17,8.6
2011-11-18,8.12
2011-11-21,8.16
2011-11-22,8.19
2011-11-23,8.35
2011-11-24,8.4
2011-11-25,8.46
2011-11-28,8.17
2011-11-29,8.28
2011-11-30,7.95
2011-12-01,7.8
2011-12-02,7.52
2011-12-05,7.27
2011-12-06,7.01
2011-12-07,6.94
2011-12-08,6.96
2011-12-09,6.9
2011-12-12,6.81
2011-12-13,6.48
2011-12-14,6.47
2011-12-15,6.42
2011-12-16,6.75
2011-12-19,6.8
2011-12-20,6.71
2011-12-21,6.54
2011-12-22,6.43
2011-12-23,6.67
2011-12-26,6.66
2011-12-27,6.57
2011-12-28,6.54
2011-12-29,6.72
2011-12-30,6.84
2012-01-04,6.74
2012-01-05,6.68
2012-01-06,6.72
2012-01-09,6.92
2012-01-10,7.23
2012-01-11,7.16
2012-01-12,7.19
2012-01-13,6.76
2012-01-16,6.49
2012-01-17,6.87
2012-01-18,6.67
2012-01-19,6.79
2012-01-20,6.98
2012-01-30,6.87
2012-01-31,6.83
2012-02-01,6.75
2012-02-02,6.86
2012-02-03,6.94
2012-02-06,7.05
2012-02-07,6.88
2012-02-08,7.02
2012-02-09,7.12
2012-02-10,7.19
2012-02-13,7.38
2012-02-14,7.3
2012-02-15,7.81
2012-02-16,7.83
2012-02-17,7.62
2012-02-20,7.51
2012-02-21,7.61
2012-02-22,7.63
2012-02-23,7.72
2012-02-24,7.91
2012-02-27,8.01
2012-02-28,8.01
2012-02-29,8.14
2012-03-01,8.1
2012-03-02,8.11
2012-03-05,7.98
2012-03-06,7.77
2012-03-07,7.69
2012-03-08,7.81
2012-03-09,8.0
2012-03-12,7.93
2012-03-13,8.0
2012-03-14,7.55
2012-03-15,7.79
2012-03-16,7.96
2012-03-19,7.87
2012-03-20,7.71
2012-03-21,7.56
2012-03-22,7.53
2012-03-23,7.21
2012-03-26,7.27
2012-03-27,7.35
2012-03-28,7.46
2012-03-29,7.14
2012-03-30,7.16
2012-04-05,7.3
2012-04-06,7.19
2012-04-09,7.05
2012-04-10,7.08
2012-04-12,7.22
2012-04-13,7.26
2012-04-16,7.22
2012-04-17,7.27
2012-04-18,7.39
2012-04-19,7.44
2012-04-20,7.44
2012-04-23,7.22
2012-04-24,7.13
2012-04-25,7.22
2012-04-26,7.25
2012-04-27,7.25
2012-05-02,7.4
2012-05-03,7.38
2012-05-04,7.49
2012-05-07,7.6
2012-05-08,7.52
2012-05-09,7.29
2012-05-10,7.23
2012-05-11,7.18
2012-05-14,7.26
2012-05-15,7.33
2012-05-16,7.31
2012-05-17,7.41
2012-05-18,7.17
2012-05-21,7.16
2012-05-22,7.21
2012-05-23,7.1
2012-05-24,6.94
2012-05-25,6.79
2012-05-28,6.9
2012-05-29,6.97
2012-05-30,6.99
2012-05-31,6.99
2012-06-01,6.97
2012-06-04,6.72
2012-06-05,6.96
2012-06-06,6.93
2012-06-07,6.81
2012-06-08,7.04
2012-06-11,7.19
2012-06-12,7.05
2012-06-13,7.37
2012-06-14,7.47
2012-06-15,7.51
2012-06-18,7.46
2012-06-19,7.3
2012-06-20,7.2
2012-06-21,7.22
2012-06-25,7.07
2012-06-26,7.09
2012-06-27,7.01
2012-06-28,6.85
2012-06-29,6.92
2012-07-02,6.97
2012-07-03,7.1
2012-07-04,7.11
2012-07-05,6.93
2012-07-06,7.14
2012-07-09,7.05
2012-07-10,6.93
2012-07-11,6.93
2012-07-12,7.08
2012-07-13,7.04
2012-07-16,6.77
2012-07-17,6.79
2012-07-18,6.79
2012-07-19,6.74
2012-07-20,6.72
2012-07-23,6.47
2012-07-24,6.48
2012-07-25,6.39
2012-07-26,6.35
2012-07-27,6.34
2012-07-30,6.28
2012-07-31,6.1
2012-08-01,6.13
2012-08-02,6.13
2012-08-03,6.25
2012-08-06,6.31
2012-08-07,6.34
2012-08-08,6.36
2012-08-09,6.38
2012-08-10,6.47
2012-08-13,6.44
2012-08-14,6.41
2012-08-15,6.47
2012-08-16,6.51
2012-08-17,6.37
2012-08-20,6.29
2012-08-21,6.38
2012-08-22,6.25
2012-08-23,6.29
2012-08-24,6.14
2012-08-27,6.02
2012-08-28,6.04
2012-08-29,5.99
2012-08-30,5.95
2012-08-31,5.86
2012-09-03,5.95
2012-09-04,5.82
2012-09-05,5.75
2012-09-06,5.8
2012-09-07,6.02
2012-09-10,6.04
2012-09-11,5.99
2012-09-12,6.08
2012-09-13,6.02
2012-09-14,6.0
2012-09-17,5.77
2012-09-18,5.74
2012-09-19,5.81
2012-09-20,5.59
2012-09-21,5.6
2012-09-24,5.56
2012-09-25,5.5
2012-09-26,5.38
2012-09-27,5.47
2012-09-28,5.55
2012-10-08,5.53
2012-10-09,5.82
2012-10-10,5.82
2012-10-11,5.65
2012-10-12,5.72
2012-10-15,5.62
2012-10-16,5.6
2012-10-17,5.59
2012-10-18,5.72
2012-10-19,5.7
2012-10-22,5.76
2012-10-23,5.71
2012-10-24,5.8
2012-10-25,5.82
2012-10-26,5.68
2012-10-29,5.61
2012-10-30,5.59
2012-10-31,5.62
2012-11-01,5.71
2012-11-02,5.76
2012-11-05,5.77
2012-11-06,5.75
2012-11-07,5.82
2012-11-08,5.66
2012-11-09,5.65
2012-11-12,5.7
2012-11-13,5.44
2012-11-14,5.44
2012-11-15,5.33
2012-11-16,5.32
2012-11-19,5.37
2012-11-20,5.35
2012-11-21,5.41
2012-11-22,5.35
2012-11-23,5.35
2012-11-26,5.32
2012-11-27,5.13
2012-11-28,5.03
2012-11-29,4.95
2012-11-30,5.03
2012-12-03,4.88
2012-12-04,4.94
2012-12-05,5.11
2012-12-06,5.08
2012-12-07,5.21
2012-12-10,5.28
2012-12-11,5.21
2012-12-12,5.15
2012-12-13,5.15
2012-12-14,5.35
2012-12-17,5.39
2012-12-18,5.32
2012-12-19,5.35
2012-12-20,5.45
2012-12-21,5.4
2012-12-24,5.39
2012-12-25,5.51
2012-12-26,5.59
2012-12-27,5.62
2012-12-28,5.61
2012-12-31,5.56
2013-01-04,5.56
2013-01-07,5.5
2013-01-08,5.64
2013-01-09,5.7
2013-01-10,5.71
2013-01-11,5.64
2013-01-14,5.99
2013-01-15,6.0
2013-01-16,5.97
2013-01-17,6.02
2013-01-18,6.08
2013-01-21,6.11
2013-01-22,5.92
2013-01-23,5.91
2013-01-24,5.7
2013-01-25,5.7
2013-01-28,5.85
2013-01-29,6.01
2013-01-30,6.06
2013-01-31,6.29
2013-02-01,6.23
2013-02-04,6.09
2013-02-05,6.15
2013-02-06,6.09
2013-02-07,6.11
2013-02-08,6.18
2013-02-18,6.2
2013-02-19,6.05
2013-02-20,6.15
2013-02-21,5.94
2013-02-22,5.89
2013-02-25,5.93
2013-02-26,5.76
2013-02-27,5.8
2013-02-28,5.93
2013-03-01,6.02
2013-03-04,5.79
2013-03-05,5.92
2013-03-06,6.01
2013-03-07,6.04
2013-03-08,5.94
2013-03-11,5.9
2013-03-12,5.85
2013-03-13,5.74
2013-03-14,5.76
2013-03-15,5.74
2013-03-18,5.58
2013-03-19,5.64
2013-03-20,5.95
2013-03-21,6.04
2013-03-22,6.01
2013-03-25,6.11
2013-03-26,5.97
2013-03-27,5.91
2013-03-28,5.67
2013-03-29,5.69
2013-04-01,5.71
2013-04-02,5.69
2013-04-03,5.64
2013-04-08,5.57
2013-04-09,5.61
2013-04-10,5.59
2013-04-11,5.61
2013-04-12,5.44
2013-04-15,5.32
2013-04-16,5.36
2013-04-17,5.3
2013-04-18,5.31
2013-04-19,5.42
2013-04-22,5.45
2013-04-23,5.28
2013-04-24,5.35
2013-04-25,5.43
2013-04-26,5.37
2013-05-02,5.44
2013-05-03,5.5
2013-05-06,5.55
2013-05-07,5.56
2013-05-08,5.58
2013-05-09,5.51
2013-05-10,5.61
2013-05-13,5.65
2013-05-14,5.57
2013-05-15,5.57
2013-05-16,5.65
2013-05-17,5.7
2013-05-20,5.73
2013-05-21,5.75
2013-05-22,5.72
2013-05-23,5.6
2013-05-24,5.65
2013-05-27,5.68
2013-05-28,5.73
2013-05-29,5.73
2013-05-30,5.73
2013-05-31,5.74
2013-06-03,5.72
2013-06-04,5.57
2013-06-05,5.57
2013-06-06,5.42
2013-06-07,5.37
2013-06-13,5.31
2013-06-14,5.57
2013-06-17,5.55
2013-06-18,5.63
2013-06-19,5.71
2013-06-20,5.65
2013-06-21,5.84
2013-06-24,5.7
2013-06-25,5.93
2013-06-26,5.76
2013-06-27,5.3
2013-06-28,5.14
2013-07-01,5.15
2013-07-02,5.13
2013-07-03,5.07
2013-07-04,5.16
2013-07-05,5.12
2013-07-08,4.82
2013-07-09,4.86
2013-07-10,4.98
2013-07-11,5.14
2013-07-12,5.08
2013-07-15,5.13
2013-07-16,5.14
2013-07-17,5.04
2013-07-18,4.99
2013-07-19,4.88
2013-07-22,4.91
2013-07-23,5.02
2013-07-24,4.99
2013-07-25,4.93
2013-07-26,4.95
2013-07-29,4.85
2013-07-30,4.86
2013-07-31,4.87
2013-08-01,4.96
2013-08-02,4.95
2013-08-05,5.02
2013-08-06,5.05
2013-08-07,5.02
2013-08-08,5.01
2013-08-09,5.03
2013-08-12,5.12
2013-08-13,5.14
2013-08-14,5.09
2013-08-15,5.08
2013-08-16,5.02
2013-08-19,5.04
2013-08-20,5.0
2013-08-21,5.04
2013-08-22,5.01
2013-08-23,5.0
2013-08-26,5.0
2013-08-27,5.06
2013-08-28,5.06
2013-08-29,5.05
2013-08-30,5.1
2013-09-02,5.16
2013-09-03,5.26
2013-09-04,5.19
2013-09-05,5.14
2013-09-06,5.14
2013-09-09,5.17
2013-09-10,5.24
2013-09-11,5.24
2013-09-12,5.28
2013-09-13,5.22
2013-09-16,5.16
2013-09-17,5.09
2013-09-18,5.11
2013-09-23,5.15
2013-09-24,5.12
2013-09-25,5.09
2013-09-26,5.03
2013-09-27,5.01
2013-09-30,5.04
2013-10-08,5.07
2013-10-09,5.09
2013-10-10,5.13
2013-10-11,5.18
2013-10-14,5.23
2013-10-15,5.21
2013-10-16,5.11
2013-10-17,5.15
2013-10-18,5.15
2013-10-21,5.16
2013-10-22,5.16
2013-10-23,5.08
2013-10-24,5.02
2013-10-25,4.95
2013-10-28,4.94
2013-10-29,4.96
2013-10-30,5.16
2013-10-31,5.06
2013-11-01,5.02
2013-11-04,5.04
2013-11-05,5.04
2013-11-06,5.0
2013-11-07,4.99
2013-11-08,4.92
2013-11-11,4.95
2013-11-12,4.96
2013-11-13,4.88
2013-11-14,4.91
2013-11-15,4.96
2013-11-18,5.02
2013-11-19,5.02
2013-11-20,5.02
2013-11-21,5.03
2013-11-22,5.0
2013-11-25,4.99
2013-11-26,4.99
2013-11-27,5.04
2013-11-28,5.07
2013-11-29,5.08
2013-12-02,4.98
2013-12-03,5.07
2013-12-04,5.12
2013-12-05,5.1
2013-12-06,5.11
2013-12-09,5.11
2013-12-10,5.09
2013-12-11,5.03
2013-12-12,5.02
2013-12-13,5.03
2013-12-16,4.95
2013-12-17,4.97
2013-12-18,4.99
2013-12-19,5.04
2013-12-20,4.94
2013-12-23,4.97
2013-12-24,4.98
2013-12-25,5.13
2013-12-26,5.21
2013-12-27,5.16
2013-12-30,5.09
2013-12-31,5.08
2014-01-02,5.04
2014-01-03,4.95
2014-01-06,4.89
2014-01-07,4.9
2014-01-08,4.85
2014-01-09,4.75
2014-01-10,4.56
2014-01-13,4.59
2014-01-14,4.64
2014-01-15,4.59
2014-01-16,4.62
2014-01-17,4.55
2014-01-20,4.57
2014-01-21,4.61
2014-01-22,4.7
2014-01-23,4.67
2014-01-24,4.7
2014-01-27,4.68
2014-01-28,4.68
2014-01-29,4.7
2014-01-30,4.63
2014-02-07,4.68
2014-02-10,4.77
2014-02-11,4.77
2014-02-12,4.79
2014-02-13,4.74
2014-02-14,4.8
2014-02-17,4.83
2014-02-18,4.77
2014-02-19,4.82
2014-02-20,4.77
2014-02-21,4.74
2014-02-24,4.68
2014-02-25,4.61
2014-02-26,4.63
2014-02-27,4.73
2014-02-28,4.75
2014-03-03,4.82
2014-03-04,4.81
2014-03-05,4.79
2014-03-06,4.78
2014-03-07,4.92
2014-03-10,4.69
2014-03-11,4.7
2014-03-12,4.71
2014-03-13,4.91
2014-03-14,4.86
2014-03-17,4.87
2014-03-18,5.05
2014-03-19,4.97
2014-03-20,4.81
2014-03-21,4.91
2014-03-24,4.92
2014-03-25,4.98
2014-03-26,4.96
2014-03-27,4.9
2014-03-28,4.79
2014-03-31,4.82
2014-04-01,4.84
2014-04-02,4.93
2014-04-03,5.02
2014-04-04,5.29
2014-04-08,5.29
2014-04-09,5.28
2014-04-10,5.23
2014-04-11,5.1
2014-04-14,5.15
2014-04-15,5.12
2014-04-16,5.09
2014-04-17,5.07
2014-04-18,5.17
2014-04-21,4.99
2014-04-22,4.95
2014-04-23,4.96
2014-04-24,4.89
2014-04-25,4.8
2014-04-28,4.64
2014-04-29,4.7
2014-04-30,4.8
2014-05-05,4.81
2014-05-06,4.81
2014-05-07,4.71
2014-05-08,4.71
2014-05-09,4.73
2014-05-12,4.83
2014-05-13,4.81
2014-05-14,4.79
2014-05-15,4.72
2014-05-16,4.72
2014-05-19,4.67
2014-05-20,4.7
2014-05-21,4.76
2014-05-22,4.72
2014-05-23,4.77
2014-05-26,4.79
2014-05-27,4.75
2014-05-28,4.79
2014-05-29,4.73
2014-05-30,4.76
2014-06-03,4.74
2014-06-04,4.71
2014-06-05,4.78
2014-06-06,4.78
2014-06-09,4.76
2014-06-10,4.78
2014-06-11,4.79
2014-06-12,4.79
2014-06-13,4.82
2014-06-16,4.75
2014-06-17,4.7
2014-06-18,4.65
2014-06-19,4.58
2014-06-20,4.61
2014-06-23,4.61
2014-06-24,4.64
2014-06-25,4.58
2014-06-26,4.65
2014-06-27,4.66
2014-06-30,4.71
2014-07-01,4.74
2014-07-02,4.74
2014-07-03,4.77
2014-07-04,4.75
2014-07-07,4.76
2014-07-08,4.82
2014-07-09,4.78
2014-07-10,4.87
2014-07-11,4.85
2014-07-14,4.86
2014-07-15,4.85
2014-07-16,4.88
2014-07-17,4.85
2014-07-18,4.84
2014-07-21,4.81
2014-07-22,4.93
2014-07-23,4.93
2014-07-24,4.95
2014-07-25,5.07
2014-07-28,5.07
2014-07-29,5.05
2014-07-30,5.05
2014-07-31,5.08
2014-08-01,5.01
2014-08-04,5.11
2014-08-05,5.2
2014-08-06,5.19
2014-08-07,5.12
2014-08-08,5.24
2014-08-11,5.35
2014-08-12,5.45
2014-08-13,5.63
2014-08-14,5.55
2014-08-15,5.52
2014-08-18,6.07
2014-08-19,6.13
2014-08-20,6.01
2014-08-21,6.14
2014-08-22,6.57
2014-08-25,6.41
2014-08-26,6.22
2014-08-27,6.27
2014-08-28,6.33
2014-08-29,6.44
2014-09-01,6.75
2014-09-02,6.85
2014-09-03,6.83
2014-09-04,7.31
2014-09-05,7.4
2014-09-09,7.48
2014-09-10,7.6
2014-09-11,7.87
2014-09-12,8.01
2014-09-15,7.97
2014-09-16,7.31
2014-09-17,7.35
2014-09-18,7.18
2014-09-19,7.36
2014-09-22,7.15
2014-09-23,7.19
2014-09-24,7.07
2014-09-25,7.06
2014-09-26,7.49
2014-09-29,7.77
2014-09-30,7.71
2014-10-08,7.61
2014-10-09,7.53
2014-10-10,7.36
2014-10-13,7.23
2014-10-14,7.28
2014-10-15,7.13
2014-10-16,7.02
2014-10-17,6.79
2014-10-20,6.94
2014-10-21,7.1
2014-10-22,6.81
2014-10-23,6.49
2014-10-24,6.51
2014-10-27,6.59
2014-10-28,6.92
2014-10-29,7.12
2014-10-30,7.4
2014-10-31,7.37
2014-11-03,7.34
2014-11-04,7.21
2014-11-05,7.43
2014-11-06,7.27
2014-11-07,7.22
2014-11-10,7.27
2014-11-11,7.04
2014-11-12,7.24
2014-11-13,7.05
2014-11-14,7.1
2014-11-17,7.12
2014-11-18,7.24
2014-11-19,7.24
2014-11-20,7.34
2014-11-21,7.47
2014-11-24,7.47
2014-11-25,7.48
2014-11-26,7.66
2014-11-27,7.56
2014-11-28,7.37
2014-12-01,7.39
2014-12-02,7.44
2014-12-03,7.46
2014-12-04,7.57
2014-12-05,7.17
2014-12-08,7.25
2014-12-09,7.18
2014-12-10,7.47
2014-12-11,7.52
2014-12-12,7.69
2014-12-15,7.71
2014-12-16,7.65
2014-12-17,7.46
2014-12-18,7.31
2014-12-19,7.36
2014-12-22,7.61
2014-12-23,7.2
2014-12-24,7.26
2014-12-25,7.45
2014-12-26,7.47
2014-12-29,7.56
2014-12-30,7.44
2014-12-31,7.69
2015-01-05,8.46
2015-01-06,8.25
2015-01-07,8.43
2015-01-08,8.2
2015-01-09,8.12
2015-01-12,7.7
2015-01-13,7.66
2015-01-14,7.7
2015-01-15,7.89
2015-01-16,7.83
2015-01-19,7.05
2015-01-20,7.19
2015-01-21,7.39
2015-01-22,7.42
2015-01-23,7.36
2015-01-26,7.57
2015-01-27,7.57
2015-01-28,7.49
2015-01-29,7.6
2015-01-30,7.49
2015-02-02,7.24
2015-02-03,7.28
2015-02-04,7.2
2015-02-05,7.12
2015-02-06,7.13
2015-02-09,7.08
2015-02-10,7.15
2015-02-11,7.19
2015-02-12,7.29
2015-02-13,7.4
2015-02-16,7.49
2015-02-17,7.64
2015-02-25,7.69
2015-02-26,7.65
2015-02-27,7.57
2015-03-02,7.74
2015-03-03,7.59
2015-03-04,7.86
2015-03-05,8.11
2015-03-06,7.95
2015-03-09,8.13
2015-03-10,8.23
2015-03-11,8.19
2015-03-12,8.01
2015-03-13,8.07
2015-03-16,8.4
2015-03-17,8.4
2015-03-18,8.6
2015-03-19,8.75
2015-03-20,9.1
2015-03-23,9.23
2015-03-24,9.04
2015-03-25,8.9
2015-03-26,8.99
2015-03-27,9.12
2015-03-30,9.12
2015-03-31,8.82
2015-04-01,9.08
2015-04-02,9.33
2015-04-03,9.94
2015-04-07,10.07
2015-04-08,9.78
2015-04-09,9.34
2015-04-10,9.55
2015-04-13,9.68
2015-04-14,9.78
2015-04-15,9.31
2015-04-16,9.39
2015-04-17,9.5
2015-04-20,9.19
2015-04-21,9.41
2015-04-22,9.75
2015-04-23,9.74
2015-04-24,9.62
2015-04-27,10.58
2015-04-28,10.6
2015-04-29,10.54
2015-04-30,11.07
2015-05-04,12.18
2015-05-05,11.53
2015-05-06,11.06
2015-05-07,10.25
2015-05-08,10.66
2015-05-11,11.14
2015-05-12,11.65
2015-05-13,11.26
2015-05-14,11.49
2015-05-15,11.12
2015-05-18,11.2
2015-05-19,11.48
2015-05-20,11.63
2015-05-21,11.88
2015-05-22,12.0
2015-05-25,12.54
2015-05-26,12.91
2015-05-27,12.94
2015-05-28,11.96
2015-05-29,12.18
2015-06-01,12.87
2015-06-02,13.66
2015-06-03,13.42
2015-06-04,13.45
2015-06-05,14.38
2015-06-08,14.53
2015-06-09,14.3
2015-06-10,14.52
2015-06-11,15.27
2015-06-12,16.8
2015-06-15,16.97
2015-06-16,15.8
2015-06-17,16.99
2015-06-18,16.44
2015-06-19,14.76
2015-06-23,14.98
2015-06-24,15.9
2015-06-25,15.08
2015-06-26,13.57
2015-06-29,13.14
2015-06-30,13.89
2015-07-01,12.5
2015-07-02,11.25
2015-07-03,10.13
2015-07-06,9.29
2015-07-07,8.36
2015-07-08,7.52
2015-07-09,8.27
2015-07-10,9.1
2015-07-13,10.01
2015-07-14,10.28
2015-07-15,9.25
2015-07-16,9.65
2015-07-17,10.34
2015-07-20,10.34
2015-07-21,11.14
2015-07-22,11.08
2015-07-23,11.3
2015-07-24,11.0
2015-07-27,9.9
2015-07-28,9.39
2015-07-29,10.31
2015-07-30,10.31
2015-07-31,10.0
2015-08-03,9.51
2015-08-04,10.37
2015-08-05,10.08
2015-08-06,9.91
2015-08-07,10.33
2015-08-10,11.17
2015-08-11,11.35
2015-08-12,11.54
2015-08-13,12.6
2015-08-14,12.95
2015-08-17,13.23
2015-08-18,11.91
2015-08-19,12.12
2015-08-20,11.58
2015-08-21,10.59
2015-08-24,9.53
2015-08-25,8.58
2015-08-26,7.72
2015-08-27,8.17
2015-08-28,8.94
2015-08-31,8.46
2015-09-01,7.81
2015-09-02,7.67
2015-09-07,7.94
2015-09-08,8.5
2015-09-09,8.78
2015-09-10,8.45
2015-09-11,8.72
2015-09-14,7.86
2015-09-15,7.45
2015-09-16,8.2
2015-09-17,8.1
2015-09-18,8.3
2015-09-21,8.67
2015-09-22,9.22
2016-01-08,10.14
2016-01-11,9.82
2016-01-12,8.84
2016-01-13,7.96
2016-01-14,8.6
2016-01-15,8.02
2016-01-18,8.1
2016-01-19,8.72
2016-01-20,9.07
2016-01-21,8.25
2016-01-22,9.05
2016-01-25,9.13
2016-01-26,8.53
2016-01-27,8.45
2016-01-28,8.0
2016-01-29,8.27
2016-02-01,8.05
2016-02-02,8.2
2016-02-03,8.16
2016-02-04,8.93
2016-02-05,8.53
2016-02-15,8.31
2016-02-16,8.66
2016-02-17,8.76
2016-02-18,8.62
2016-02-19,8.67
2016-02-22,8.95
2016-02-23,8.87
2016-02-24,9.33
2016-02-25,8.4
2016-02-26,8.42
2016-02-29,7.83
2016-03-01,7.95
2016-03-02,8.25
2016-03-03,8.37
2016-03-04,7.96
2016-03-07,8.14
2016-03-08,8.13
2016-03-09,7.89
2016-03-10,7.81
2016-03-11,7.86
2016-03-14,8.05
2016-03-15,7.95
2016-03-16,7.83
2016-03-17,8.0
2016-03-18,8.29
2016-03-21,8.51
2016-03-22,8.39
2016-03-23,8.42
2016-03-24,8.38
2016-03-25,8.47
2016-03-28,8.43
2016-03-29,8.21
2016-03-30,8.48
2016-03-31,8.43
2016-04-01,8.53
2016-04-05,8.84
2016-04-06,8.92
2016-04-07,8.63
2016-04-08,8.73
2016-04-11,8.99
2016-04-12,8.9
2016-04-13,9.08
2016-04-14,9.22
2016-04-15,9.3
2016-04-18,9.03
2016-04-19,8.92
2016-04-20,8.46
2016-04-21,8.29
2016-04-22,8.39
2016-04-25,8.45
2016-04-26,8.65
2016-04-27,8.68
2016-04-28,8.65
2016-04-29,8.67
2016-05-03,8.94
2016-05-04,8.93
2016-05-05,9.15
2016-05-06,8.89
2016-05-09,9.18
2016-05-10,9.58
2016-05-11,9.6
2016-05-12,10.34
2016-05-13,10.14
2016-05-16,10.14
2016-05-17,9.84
2016-05-18,9.28
2016-05-19,9.29
2016-05-20,9.51
2016-05-23,9.85
2016-05-24,9.72
2016-05-25,9.76
2016-05-26,9.67
2016-05-27,9.67
2016-05-30,9.36
2016-05-31,9.75
2016-06-01,9.75
2016-06-02,10.14
2016-06-03,10.07
2016-06-06,9.98
2016-06-07,10.07
2016-06-08,10.91
2016-06-13,10.02
2016-06-14,10.25
2016-06-15,10.64
2016-06-16,10.58
2016-06-17,10.37
2016-06-20,10.61
2016-06-21,10.2
2016-06-22,10.24
2016-06-23,9.99
2016-06-24,9.68
2016-06-27,9.77
2016-06-28,9.89
2016-06-29,9.85
2016-06-30,9.94
2016-07-01,9.86
2016-07-04,10.01
2016-07-05,9.97
2016-07-06,9.99
2016-07-07,9.92
2016-07-08,10.15
2016-07-11,10.27
2016-07-12,10.34
2016-07-13,10.45
2016-07-14,10.37
2016-07-15,10.3
2016-07-18,10.22
2016-07-19,10.42
2016-07-20,10.33
2016-07-21,10.57
2016-07-22,10.53
2016-07-25,10.62
2016-07-26,10.77
2016-07-27,10.19
2016-07-28,10.25
2016-07-29,10.06
2016-08-01,9.93
2016-08-02,10.0
2016-08-03,10.07
2016-08-04,10.15
2016-08-05,10.1
2016-08-08,10.04
2016-08-09,10.06
2016-08-10,9.99
2016-08-11,9.83
2016-08-12,9.9
2016-08-15,10.1
2016-08-16,10.11
2016-08-17,10.12
2016-08-18,10.14
2016-08-19,10.16
2016-08-22,10.05
2016-08-23,10.27
2016-08-24,10.16
2016-08-25,10.04
2016-08-26,10.11
2016-08-29,10.25
2016-08-30,10.19
2016-08-31,10.24
2016-09-01,10.13
2016-09-02,10.06
2016-09-05,10.05
2016-09-06,10.13
2016-09-07,10.15
2016-09-08,10.22
2016-09-09,10.11
2016-09-12,10.39
2016-09-13,10.61
2016-09-14,10.65
2016-09-19,10.5
2016-09-20,10.47
2016-09-21,10.35
2016-09-22,10.42
2016-09-23,10.31
2016-09-26,9.94
2016-09-27,10.35
2016-09-28,10.24
2016-09-29,10.16
2016-10-14,10.45
2016-10-17,10.68
2016-10-18,11.37
2016-10-19,12.38
2016-10-20,11.81
2016-10-21,12.0
2016-10-24,12.27
2016-10-25,12.62
2016-10-26,12.24
2016-10-27,12.3
2016-10-28,11.82
2016-10-31,11.93
2016-11-01,12.01
2016-11-02,12.15
2016-11-03,12.06
2016-11-04,12.38
2016-11-07,12.07
2016-11-08,11.93
2016-11-09,11.6
2016-11-10,11.84
2016-11-11,11.74
2016-11-14,12.12
2016-11-15,12.2
2016-11-16,12.43
2016-11-17,12.32
2016-11-18,12.13
2016-11-21,12.2
2016-11-22,12.42
2016-11-23,12.31
2016-11-24,13.38
2016-11-25,13.47
2016-11-28,14.3
2016-11-29,13.22
2016-11-30,13.14
2016-12-01,12.92
2016-12-02,13.1
2016-12-05,13.13
2016-12-06,13.24
2016-12-07,13.22
2016-12-08,13.5
2016-12-09,13.58
2016-12-12,12.82
2016-12-13,12.73
2016-12-14,12.33
2016-12-15,12.39
2016-12-16,12.49
2016-12-19,12.86
2016-12-20,12.65
2016-12-21,13.35
2016-12-22,13.64
2016-12-23,13.93
2016-12-26,13.79
2016-12-27,13.6
2016-12-28,13.84
2016-12-29,13.62
2016-12-30,13.37
2017-01-03,13.79
2017-01-04,14.21
2017-01-05,14.14
2017-01-06,14.21
2017-01-09,14.76
2017-01-10,14.48
2017-01-11,14.11
2017-01-12,13.82
2017-01-13,13.34
2017-01-16,12.4
2017-01-17,12.64
2017-01-18,12.9
2017-01-19,12.61
2017-01-20,12.79
2017-01-23,12.97
2017-01-24,12.89
2017-01-25,12.91
2017-01-26,12.87
2017-02-03,12.69
2017-02-06,12.78
2017-02-07,12.97
2017-02-08,13.2
2017-02-09,13.31
2017-02-10,13.49
2017-02-13,13.55
2017-02-14,13.4
2017-02-15,13.24
2017-02-16,13.25
2017-02-17,12.79
2017-02-20,12.82
2017-02-21,12.87
2017-02-22,12.84
2017-02-23,12.75
2017-02-24,13.14
2017-02-27,12.85
2017-02-28,12.84
2017-03-01,12.9
2017-03-02,12.9
2017-03-03,12.72
2017-03-06,12.95
2017-03-07,13.13
2017-03-08,13.27
2017-03-09,13.38
2017-03-10,13.18
2017-03-13,13.15
2017-03-14,12.91
2017-03-15,12.78
2017-03-16,12.95
2017-03-17,12.82
2017-03-20,12.93
2017-03-21,12.93
2017-03-22,13.14
2017-03-23,12.98
2017-03-24,12.94
2017-03-27,12.85
2017-03-28,12.7
2017-03-29,12.69
2017-03-30,12.89
2017-03-31,12.8
2017-04-05,13.0
2017-04-06,13.13
2017-04-07,13.24
2017-04-10,13.34
2017-04-11,13.36
2017-04-12,13.35
2017-04-13,13.36
2017-04-14,12.88
2017-04-17,12.61
2017-04-18,11.64
2017-04-19,11.45
2017-04-20,11.16
2017-04-21,11.16
2017-04-24,10.23
2017-04-25,10.19
2017-04-26,10.21
2017-04-27,10.27
2017-04-28,10.47
2017-05-02,10.64
2017-05-03,10.57
2017-05-04,10.57
2017-05-05,10.54
2017-05-08,9.97
2017-05-09,10.23
2017-05-10,9.91
2017-05-11,9.97
2017-05-12,10.08
2017-05-15,10.09
2017-05-16,10.24
2017-05-17,10.23
2017-05-18,10.08
2017-05-19,10.31
2017-05-22,10.04
2017-05-23,9.75
2017-05-24,9.65
2017-05-25,9.55
2017-05-26,9.52
2017-05-31,9.51
2017-06-01,8.82
2017-06-02,8.9
2017-06-05,9.0
2017-06-06,9.06
2017-06-07,9.31
2017-06-08,9.27
2017-06-09,9.27
2017-06-12,8.96
2017-06-13,9.12
2017-06-14,9.21
2017-06-15,9.36
2017-06-16,9.37
2017-06-19,9.97
2017-06-20,9.64
2017-06-21,9.65
2017-06-22,9.47
2017-06-23,9.56
2017-06-26,9.7
2017-06-27,9.7
2017-06-28,9.74
2017-06-29,9.82
2017-06-30,9.73
2017-07-03,9.73
2017-07-04,9.61
2017-07-05,9.67
2017-07-06,9.63
2017-07-07,9.66
2017-07-10,9.76
2017-07-11,9.62
2017-07-12,9.35
2017-07-13,9.4
2017-07-14,9.31
2017-07-17,8.98
2017-07-18,9.07
2017-07-19,9.33
2017-07-20,10.02
2017-07-21,10.62
2017-07-24,10.54
2017-07-25,10.72
2017-07-26,10.57
2017-07-27,10.38
2017-07-28,10.53
2017-07-31,10.75
2017-08-01,10.53
2017-08-02,10.26
2017-08-03,10.25
2017-08-04,9.91
2017-08-07,10.18
2017-08-08,10.23
2017-08-09,10.15
2017-08-10,9.97
2017-08-11,9.89
2017-08-14,9.99
2017-08-15,10.26
2017-08-16,10.48
2017-08-17,11.16
2017-08-18,12.1
2017-08-21,12.0
2017-08-22,11.67
2017-08-23,11.49
2017-08-24,11.6
2017-08-25,11.56
2017-08-28,11.68
2017-08-29,12.02
2017-08-30,11.84
2017-08-31,11.59
2017-09-01,11.74
2017-09-04,11.62
2017-09-05,11.47
2017-09-06,11.52
2017-09-07,11.81
2017-09-08,11.65
2017-09-11,11.62
2017-09-12,11.36
2017-09-13,11.44
2017-09-14,11.46
2017-09-15,11.32
2017-09-18,11.33
2017-09-19,11.26
2017-09-20,11.38
2017-09-21,11.54
2017-09-22,11.26
2017-09-25,10.86
2017-09-26,10.93
2017-09-27,11.04
2017-09-28,11.04
2017-09-29,11.13
2017-10-09,11.2
2017-10-10,11.24
2017-10-11,11.79
2017-10-12,11.84
2017-10-13,11.74
2017-10-16,11.37
2017-10-17,11.29
2017-10-18,11.14
2017-10-19,10.74
2017-10-20,10.93
2017-10-23,10.98
2017-10-24,10.83
2017-10-25,10.94
2017-10-26,11.1
2017-10-27,11.17
2017-10-30,10.76
2017-10-31,10.62
2017-11-01,10.57
2017-11-02,10.28
2017-11-03,10.09
2017-11-06,10.13
2017-11-07,10.23
2017-11-08,10.23
2017-11-09,10.23
2017-11-10,10.17
2017-11-13,10.06
2017-11-14,10.32
2017-11-15,10.45
2017-11-16,10.27
2017-11-17,9.99
2017-11-20,9.78
2017-11-21,9.72
2017-11-22,9.69
2017-11-23,9.49
2017-11-24,9.38
2017-11-27,9.29
2017-11-28,9.37
2017-11-29,9.57
2017-11-30,9.4
2017-12-01,9.4
2017-12-04,9.17
2017-12-05,8.84
2017-12-06,8.93
2017-12-07,9.14
2017-12-08,9.17
2017-12-11,9.21
2017-12-12,9.03
2017-12-13,9.12
2017-12-14,9.28
2017-12-15,9.19
2017-12-18,9.42
2017-12-19,9.43
2017-12-20,9.34
2017-12-21,9.21
2017-12-22,9.14
2017-12-25,9.07
2017-12-26,9.15
2017-12-27,9.06
2017-12-28,9.04
2017-12-29,9.1
2018-01-02,9.41
2018-01-03,9.4
2018-01-04,9.41
2018-01-05,9.45
2018-01-08,9.43
2018-01-09,9.31
2018-01-10,9.12
2018-01-11,9.19
2018-01-12,9.11
2018-01-15,8.9
2018-01-16,8.98
2018-01-17,9.0
2018-01-18,9.12
2018-01-19,9.07
2018-01-22,9.21
2018-01-23,9.17
2018-01-24,9.16
2018-01-25,9.23
2018-01-26,9.22
2018-01-29,9.13
2018-01-30,9.1
2018-01-31,8.96
2018-02-01,8.57
2018-02-02,8.66
2018-02-05,8.6
2018-02-06,8.07
2018-02-07,7.96
2018-02-08,8.18
2018-02-09,7.9
2018-02-12,8.02
2018-02-13,8.09
2018-02-14,8.08
2018-02-22,8.21
2018-02-23,8.24
2018-02-26,8.35
2018-02-27,8.44
2018-02-28,8.32
2018-03-01,8.32
2018-03-02,8.36
2018-03-05,8.31
2018-03-06,8.38
2018-03-07,8.8
2018-03-08,8.81
2018-03-09,8.71
2018-03-12,8.75
2018-03-13,8.71
2018-03-14,8.59
2018-03-15,8.87
2018-03-16,8.85
2018-03-19,8.76
2018-03-20,8.97
2018-03-21,8.88
2018-03-22,9.21
2018-03-23,8.86
2018-03-26,8.69
2018-03-27,9.06
2018-03-28,8.84
2018-03-29,8.92
2018-03-30,8.84
2018-04-02,8.54
2018-04-03,8.35
2018-04-04,8.18
2018-04-09,8.14
2018-04-10,8.26
2018-04-11,8.3
2018-04-12,8.18
2018-04-13,8.18
2018-04-16,8.03
2018-04-17,7.85
2018-04-18,7.91
2018-04-19,7.81
2018-04-20,7.64
2018-04-23,7.68
2018-04-24,7.82
2018-04-25,7.79
2018-04-26,7.62
2018-04-27,8.06
2018-05-02,8.13
2018-05-03,8.28
2018-05-04,8.22
2018-05-07,8.31
2018-05-08,8.28
2018-05-09,8.31
2018-05-10,8.36
2018-05-11,8.24
2018-05-14,8.14
2018-05-15,8.3
2018-05-16,8.23
2018-05-17,8.29
2018-05-18,8.33
2018-05-21,8.51
2018-05-22,8.69
2018-05-23,8.61
2018-05-24,8.5
2018-05-25,8.39
2018-05-28,8.29
2018-05-29,8.28
2018-05-30,7.98
2018-05-31,8.13
2018-06-01,8.19
2018-06-04,8.17
2018-06-05,8.23
2018-06-06,8.21
2018-06-07,8.17
2018-06-08,8.03
2018-06-11,8.0
2018-06-12,8.09
2018-06-13,8.06
2018-06-14,8.11
2018-06-15,7.96
2018-06-19,7.29
2018-06-20,7.37
2018-06-21,7.24
2018-06-22,7.36
2018-06-25,7.41
2018-06-26,7.48
2018-06-27,7.38
2018-06-28,7.36
2018-06-29,7.51
2018-07-02,7.38
2018-07-03,7.47
2018-07-04,7.33
2018-07-05,7.15
2018-07-06,7.09
2018-07-09,7.26
2018-07-10,7.3
2018-07-11,7.15
2018-07-12,7.32
2018-07-13,7.35
2018-07-16,7.39
2018-07-17,7.36
2018-07-18,7.47
2018-07-19,7.31
2018-07-20,7.43
2018-07-23,7.6
2018-07-24,7.77
2018-07-25,7.69
2018-07-26,7.84
2018-07-27,7.87
2018-07-30,7.73
2018-07-31,7.85
2018-08-01,7.61
2018-08-02,7.39
2018-08-03,7.4
2018-08-06,7.29
2018-08-07,7.5
2018-08-08,7.46
2018-08-09,7.59
2018-08-10,7.62
2018-08-13,7.61
2018-08-14,7.62
2018-08-15,7.37
2018-08-16,7.35
2018-08-17,7.27
2018-08-20,7.29
2018-08-21,7.49
2018-08-22,7.35
2018-08-23,7.37
2018-08-24,7.51
2018-08-27,7.71
2018-08-28,7.66
2018-08-29,7.61
2018-08-30,7.54
2018-08-31,7.45
2018-09-03,7.41
2018-09-04,7.52
2018-09-05,7.33
2018-09-06,7.3
2018-09-07,7.32
2018-09-10,7.29
2018-09-11,7.29
2018-09-12,7.32
2018-09-13,7.35
2018-09-14,7.34
2018-09-17,7.21
2018-09-18,7.32
2018-09-19,7.39
2018-09-20,7.38
2018-09-21,7.47
2018-09-25,7.43
2018-09-26,7.47
2018-09-27,7.45
2018-09-28,7.53
2018-10-08,7.27
2018-10-09,7.28
2018-10-10,7.28
2018-10-11,6.75
2018-10-12,6.71
2018-10-15,6.68
2018-10-16,6.58
2018-10-17,6.61
2018-10-18,6.26
2018-10-19,6.43
2018-10-22,6.74
2018-10-23,6.68
2018-10-24,6.64
2018-10-25,6.56
2018-10-26,6.63
2018-10-29,6.55
2018-10-30,6.7
2018-10-31,6.76
2018-11-01,6.69
2018-11-02,6.89
2018-11-05,6.86
2018-11-06,6.85
2018-11-07,6.84
2018-11-08,6.83
2018-11-09,6.72
2018-11-12,6.95
2018-11-13,6.99
2018-11-14,6.98
2018-11-15,7.09
2018-11-16,7.12
2018-11-19,7.3
2018-11-20,7.06
2018-11-21,7.08
2018-11-22,7.07
2018-11-23,6.85
2018-11-26,6.82
2018-11-27,6.84
2018-11-28,6.89
2018-11-29,6.76
2018-11-30,6.79
2018-12-03,6.97
2018-12-04,7.02
2018-12-05,6.94
2018-12-06,6.81
2018-12-07,6.86
2018-12-10,6.82
2018-12-11,6.89
2018-12-12,6.87
2018-12-13,6.92
2018-12-14,6.81
2018-12-17,6.74
2018-12-18,6.69
2018-12-19,6.69
2018-12-20,6.68
2018-12-21,6.62
2018-12-24,6.66
2018-12-25,6.55
2018-12-26,6.56
2018-12-27,6.52
2018-12-28,6.61
2019-01-02,6.63
2019-01-03,6.6
2019-01-04,6.73
2019-01-07,6.82
2019-01-08,6.82
2019-01-09,6.87
2019-01-10,6.84
2019-01-11,6.84
2019-01-14,6.83
2019-01-15,6.87
2019-01-16,6.85
2019-01-17,6.8
2019-01-18,6.84
2019-01-21,6.87
2019-01-22,6.73
2019-01-23,6.74
2019-01-24,6.76
2019-01-25,6.77
2019-01-28,6.7
2019-01-29,6.63
2019-01-30,6.73
2019-01-31,6.69
2019-02-01,6.82
2019-02-11,6.96
2019-02-12,6.96
2019-02-13,7.03
2019-02-14,7.03
2019-02-15,7.14
2019-02-18,7.43
2019-02-19,7.33
2019-02-20,7.32
2019-02-21,7.26
2019-02-22,7.33
2019-02-25,7.64
2019-02-26,7.7
2019-02-27,7.64
2019-02-28,7.66
2019-03-01,7.69
2019-03-04,7.73
2019-03-05,7.78
2019-03-06,7.97
2019-03-07,7.97
2019-03-08,7.61
2019-03-11,8.37
2019-03-12,8.36
2019-03-13,8.07
2019-03-14,7.79
2019-03-15,8.14
2019-03-18,8.27
2019-03-19,8.36
2019-03-20,8.41
2019-03-21,8.43
2019-03-22,8.43
2019-03-25,8.46
2019-03-26,8.13
2019-03-27,8.17
2019-03-28,8.08
2019-03-29,8.19
2019-04-01,8.35
2019-04-02,8.75
2019-04-03,8.7
2019-04-04,8.74
2019-04-08,8.57
2019-04-09,8.66
2019-04-10,8.63
2019-04-11,8.87
2019-04-12,9.27
2019-04-15,9.3
2019-04-16,9.3
2019-04-17,9.33
2019-04-18,9.55
2019-04-19,9.54
2019-04-22,9.16
2019-04-23,8.96
2019-04-24,9.02
2019-04-25,8.49
2019-04-26,8.37
2019-04-29,8.16
2019-04-30,8.39
2019-05-06,7.86
2019-05-07,7.98
2019-05-08,7.87
2019-05-09,7.79
2019-05-10,8.01
2019-05-13,7.93
2019-05-14,7.88
2019-05-15,8.2
2019-05-16,8.16
2019-05-17,7.92
2019-05-20,7.85
2019-05-21,7.94
2019-05-22,7.87
2019-05-23,7.7
2019-05-24,7.69
2019-05-27,7.85
2019-05-28,7.88
2019-05-29,7.98
2019-05-30,7.94
2019-05-31,7.96
2019-06-03,7.84
2019-06-04,7.7
2019-06-05,7.76
2019-06-06,7.51
2019-06-10,7.62
2019-06-11,7.87
2019-06-12,7.9
2019-06-13,7.95
2019-06-14,7.87
2019-06-17,7.9
2019-06-18,7.87
2019-06-19,7.7
2019-06-20,7.87
2019-06-21,8.06
2019-06-24,8.01
2019-06-25,7.9
2019-06-26,7.86
2019-06-27,7.83
2019-06-28,8.04
2019-07-01,8.15
2019-07-02,8.08
2019-07-03,8.0
2019-07-04,7.96
2019-07-05,8.03
2019-07-08,7.73
2019-07-09,7.67
2019-07-10,7.65
2019-07-11,7.67
2019-07-12,7.63
2019-07-15,7.65
2019-07-16,7.65
2019-07-17,7.65
2019-07-18,7.56
2019-07-19,7.57
2019-07-22,7.45
2019-07-23,7.48
2019-07-24,7.54
2019-07-25,7.55
2019-07-26,7.62
2019-07-29,7.58
2019-07-30,7.63
2019-07-31,7.57
2019-08-01,7.57
2019-08-02,7.5
2019-08-05,7.36
2019-08-06,7.05
2019-08-07,7.1
2019-08-08,7.12
2019-08-09,7.03
2019-08-12,7.12
2019-08-13,7.04
2019-08-14,7.05
2019-08-15,7.05
2019-08-16,7.04
2019-08-19,7.2
2019-08-20,7.22
2019-08-21,7.17
2019-08-22,7.2
2019-08-23,7.21
2019-08-26,7.15
2019-08-27,7.33
2019-08-28,7.38
2019-08-29,7.38
2019-08-30,7.32
2019-09-02,7.42
2019-09-03,7.45
2019-09-04,7.55
2019-09-05,7.53
2019-09-06,7.55
2019-09-09,7.62
2019-09-10,7.63
2019-09-11,7.7
2019-09-12,7.69
2019-09-16,7.68
2019-09-17,7.52
2019-09-18,7.5
2019-09-19,7.64
2019-09-20,7.65
2019-09-23,7.57
2019-09-24,7.55
2019-09-25,7.41
2019-09-26,7.29
2019-09-27,7.47
2019-09-30,7.32
2019-10-08,7.29
2019-10-09,7.35
2019-10-10,7.41
2019-10-11,7.49
2019-10-14,7.54
2019-10-15,7.48
2019-10-16,7.48
2019-10-17,7.43
2019-10-18,7.32
2019-10-21,7.35
2019-10-22,7.35
2019-10-23,7.31
2019-10-24,7.34
2019-10-25,7.38
2019-10-28,7.43
2019-10-29,7.37
2019-10-30,7.45
2019-10-31,7.28
2019-11-01,7.36
2019-11-04,7.37
2019-11-05,7.41
2019-11-06,7.51
2019-11-07,7.44
2019-11-08,7.56
2019-11-11,7.39
2019-11-12,7.39
2019-11-13,7.51
2019-11-14,7.5
2019-11-15,7.36
2019-11-18,7.35
2019-11-19,7.48
2019-11-20,7.45
2019-11-21,7.41
2019-11-22,7.44
2019-11-25,7.63
2019-11-26,7.56
2019-11-27,7.57
2019-11-28,7.46
2019-11-29,7.39
2019-12-02,7.4
2019-12-03,7.43
2019-12-04,7.39
2019-12-05,7.45
2019-12-06,7.5
2019-12-09,7.52
2019-12-10,7.53
2019-12-11,7.57
2019-12-12,7.51
2019-12-13,7.62
2019-12-16,7.65
2019-12-17,7.71
2019-12-18,7.65
2019-12-19,7.8
2019-12-20,7.75
2019-12-23,7.59
2019-12-24,7.66
2019-12-25,7.58
2019-12-26,7.68
2019-12-27,7.68
2019-12-30,7.79
2019-12-31,7.8
2020-01-02,7.84
2020-01-03,7.84
2020-01-06,7.81
2020-01-07,7.87
2020-01-08,7.68
2020-01-09,7.77
2020-01-10,7.74
2020-01-13,7.8
2020-01-14,7.83
2020-01-15,8.13
2020-01-16,8.02
2020-01-17,7.96
2020-01-20,7.92
2020-01-21,7.86
2020-01-22,7.79
2020-01-23,7.62
2020-02-03,6.86
2020-02-04,6.97
2020-02-05,7.04
2020-02-06,7.1
2020-02-07,7.08
2020-02-10,7.18
2020-02-11,7.18
2020-02-12,7.2
2020-02-13,7.12
2020-02-14,7.13
2020-02-17,7.28
2020-02-18,7.3
2020-02-19,7.32
2020-02-20,7.48
2020-02-21,7.47
2020-02-24,7.38
2020-02-25,7.26
2020-02-26,7.27
2020-02-27,7.3
2020-02-28,7.09
2020-03-02,7.32
2020-03-03,7.3
2020-03-04,7.43
2020-03-05,7.57
2020-03-06,7.68
2020-03-09,7.51
2020-03-10,7.6
2020-03-11,7.5
2020-03-12,7.34
2020-03-13,7.73
2020-03-16,7.73
2020-03-17,7.67
2020-03-18,7.79
2020-03-19,7.84
2020-03-20,7.8
2020-03-23,7.74
2020-03-24,7.75
2020-03-25,7.73
2020-03-26,7.54
2020-03-27,7.73
2020-03-30,7.43
2020-03-31,7.37
2020-04-01,7.31
2020-04-02,7.4
2020-04-03,7.42
2020-04-07,7.72
2020-04-08,7.8
2020-04-09,7.79
2020-04-10,7.7
2020-04-13,7.64
2020-04-14,7.73
2020-04-15,7.77
2020-04-16,8.05
2020-04-17,8.04
2020-04-20,8.05
2020-04-21,7.96
2020-04-22,7.98
2020-04-23,8.06
2020-04-24,7.97
2020-04-27,7.77
2020-04-28,7.88
2020-04-29,7.65
2020-04-30,7.77
2020-05-06,7.9
2020-05-07,7.91
2020-05-08,7.88
2020-05-11,7.78
2020-05-12,7.73
2020-05-13,7.72
2020-05-14,7.6
2020-05-15,7.6
2020-05-18,7.62
2020-05-19,7.65
2020-05-20,7.77
2020-05-21,7.66
2020-05-22,7.48
2020-05-25,7.46
2020-05-26,7.62
2020-05-27,7.65
2020-05-28,7.65
2020-05-29,7.68
2020-06-01,7.75
2020-06-02,7.75
2020-06-03,7.7
2020-06-04,7.68
2020-06-05,7.73
2020-06-08,7.72
2020-06-09,7.77
2020-06-10,7.69
2020-06-11,7.6
2020-06-12,7.62
2020-06-15,7.57
2020-06-16,7.62
2020-06-17,7.69
2020-06-18,7.78
2020-06-19,7.8
2020-06-22,7.79
2020-06-23,7.54
2020-06-24,7.62
2020-06-29,7.49
2020-06-30,7.52
2020-07-01,7.52
2020-07-02,7.62
2020-07-03,7.72
2020-07-06,7.97
2020-07-07,7.89
2020-07-08,8.49
2020-07-09,8.81
2020-07-10,8.71
2020-07-13,8.82
2020-07-14,9.02
2020-07-15,8.43
2020-07-16,8.09
2020-07-17,8.11
2020-07-20,8.38
2020-07-21,8.32
2020-07-22,8.43
2020-07-23,8.39
2020-07-24,8.06
2020-07-27,8.53
2020-07-28,8.88
2020-07-29,8.84
2020-07-30,9.3
2020-07-31,9.2
2020-08-03,9.3
2020-08-04,9.6
2020-08-05,9.72
2020-08-06,9.45
2020-08-07,9.55
2020-08-10,9.29
2020-08-11,8.93
2020-08-12,9.11
2020-08-13,9.08
2020-08-14,9.11
2020-08-17,9.23
2020-08-18,9.21
2020-08-19,9.59
2020-08-20,9.72
2020-08-21,9.64
2020-08-24,9.44
2020-08-25,9.31
2020-08-26,9.1
2020-08-27,9.13
2020-08-28,8.95
2020-08-31,8.98
2020-09-01,8.82
2020-09-02,8.73
2020-09-03,8.59
2020-09-04,8.48
2020-09-07,8.38
2020-09-08,8.47
2020-09-09,8.41
2020-09-10,8.28
2020-09-11,8.32
2020-09-14,8.43
2020-09-15,8.36
2020-09-16,8.28
2020-09-17,8.35
2020-09-18,8.51
2020-09-21,8.44
2020-09-22,8.33
2020-09-23,8.28
2020-09-24,8.02
2020-09-25,7.92
2020-09-28,7.92
2020-09-29,7.93
2020-09-30,7.92
2020-10-09,8.04
2020-10-12,8.2
2020-10-13,8.21
2020-10-14,8.16
2020-10-15,8.08
2020-10-16,8.1
2020-10-19,8.1
2020-10-20,8.15
2020-10-21,8.07
2020-10-22,7.96
2020-10-23,7.94
2020-10-26,7.94
2020-10-27,7.94
2020-10-28,7.99
2020-10-29,7.96
2020-10-30,7.6
2020-11-02,7.56
2020-11-03,7.66
2020-11-04,7.65
2020-11-05,7.69
2020-11-06,7.67
2020-11-09,7.77
2020-11-10,7.72
2020-11-11,7.76
2020-11-12,7.78
2020-11-13,7.73
2020-11-16,8.02
2020-11-17,8.01
2020-11-18,8.02
2020-11-19,8.05
2020-11-20,7.99
2020-11-23,8.09
2020-11-24,8.34
2020-11-25,8.26
2020-11-26,8.4
2020-11-27,8.27
2020-11-30,8.15
2020-12-01,8.2
2020-12-02,8.22
2020-12-03,8.16
2020-12-04,8.14
2020-12-07,8.04
2020-12-08,8.0
2020-12-09,7.76
2020-12-10,7.83
2020-12-11,7.77
2020-12-14,7.86
2020-12-15,7.84
2020-12-16,7.91
2020-12-17,7.97
2020-12-18,8.09
2020-12-21,8.12
2020-12-22,7.84
2020-12-23,8.05
2020-12-24,7.9
2020-12-25,8.32
2020-12-28,8.36
2020-12-29,8.1
2020-12-30,8.25
2020-12-31,8.13
2021-01-04,8.12
2021-01-05,7.93
2021-01-06,7.87
2021-01-07,7.61
2021-01-08,7.62
2021-01-11,7.42
2021-01-12,7.48
2021-01-13,7.28
2021-01-14,7.34
2021-01-15,7.36
2021-01-18,7.37
2021-01-19,7.33
2021-01-20,7.27
2021-01-21,7.26
2021-01-22,7.1
2021-01-25,7.0
2021-01-26,6.92
2021-01-27,6.95
2021-01-28,6.51
2021-01-29,6.34
2021-02-01,6.31
2021-02-02,6.41
2021-02-03,6.3
2021-02-04,6.18
2021-02-05,6.26
2021-02-08,6.27
2021-02-09,6.29
2021-02-10,6.32
2021-02-18,6.41
2021-02-19,6.6
2021-02-22,6.72
2021-02-23,6.71
2021-02-24,6.67
2021-02-25,6.7
2021-02-26,6.64
2021-03-01,6.67
2021-03-02,6.83
2021-03-03,6.87
2021-03-04,6.85
2021-03-05,6.86
2021-03-08,6.92
2021-03-09,6.69
2021-03-10,6.66
2021-03-11,6.97
2021-03-12,7.67
2021-03-15,7.51
2021-03-16,7.92
2021-03-17,7.55
2021-03-18,7.82
2021-03-19,7.96
2021-03-22,8.31
2021-03-23,7.78
2021-03-24,7.8
2021-03-25,7.35
2021-03-26,7.52
2021-03-29,7.54
2021-03-30,7.15
2021-03-31,7.3
2021-04-01,7.5
2021-04-02,7.2
2021-04-06,7.22
2021-04-07,7.3
2021-04-08,7.02
2021-04-09,6.99
2021-04-12,7.04
2021-04-13,6.74
2021-04-14,6.78
2021-04-15,6.71
2021-04-16,6.79
2021-04-19,6.86
2021-04-20,6.83
2021-04-21,6.77
2021-04-22,6.71
2021-04-23,6.65
2021-04-26,6.66
2021-04-27,6.57
2021-04-28,6.63
2021-04-29,6.68
2021-04-30,6.78
2021-05-06,6.91
2021-05-07,6.91
2021-05-10,7.33
2021-05-11,7.18
2021-05-12,7.19
2021-05-13,7.1
2021-05-14,7.15
2021-05-17,7.15
2021-05-18,7.19
2021-05-19,7.24
2021-05-20,7.29
2021-05-21,7.39
2021-05-24,7.48
2021-05-25,7.37
2021-05-26,7.28
2021-05-27,7.28
2021-05-28,7.24
2021-05-31,7.21
2021-06-01,7.16
2021-06-02,7.35
2021-06-03,7.31
2021-06-04,7.27
2021-06-07,7.3
2021-06-08,7.28
2021-06-09,7.38
2021-06-10,7.36
2021-06-11,7.29
2021-06-15,7.04
2021-06-16,6.97
2021-06-17,6.99
2021-06-18,7.01
2021-06-21,7.09
2021-06-22,7.1
2021-06-23,7.1
2021-06-24,7.09
2021-06-25,7.05
2021-06-28,7.3
2021-06-29,7.15
2021-06-30,7.12
2021-07-01,7.01
2021-07-02,6.96
2021-07-05,6.97
2021-07-06,7.03
2021-07-07,6.98
2021-07-08,6.92
2021-07-09,6.94
2021-07-12,6.89
2021-07-13,6.99
2021-07-14,7.02
2021-07-15,6.91
2021-07-16,6.89
2021-07-19,6.86
2021-07-20,6.86
2021-07-21,6.86
2021-07-22,6.86
2021-07-23,6.75
2021-07-26,6.71
2021-07-27,6.68
2021-07-28,6.54
2021-07-29,6.6
2021-07-30,6.78
2021-08-02,6.85
2021-08-03,6.82
2021-08-04,6.81
2021-08-05,6.73
2021-08-06,6.75
2021-08-09,6.88
2021-08-10,6.88
2021-08-11,6.93
2021-08-12,6.89
2021-08-13,6.89
2021-08-16,6.85
2021-08-17,6.75
2021-08-18,6.79
2021-08-19,6.88
2021-08-20,6.79
2021-08-23,6.92
2021-08-24,7.04
2021-08-25,7.06
2021-08-26,7.12
2021-08-27,7.06
2021-08-30,7.12
2021-08-31,6.92
2021-09-01,6.98
2021-09-02,7.22
2021-09-03,7.33
2021-09-06,7.35
2021-09-07,7.4
2021-09-08,7.71
2021-09-09,7.6
2021-09-10,7.4
2021-09-13,7.48
2021-09-14,7.26
2021-09-15,7.4
2021-09-16,7.31
2021-09-17,7.49
2021-09-22,7.99
2021-09-23,8.13
2021-09-24,7.96
2021-10-18,8.76
2021-10-19,9.64
2021-10-20,10.6
2021-10-21,11.66
2021-10-22,12.83
2021-10-25,14.11
2021-10-26,15.52
2021-10-27,17.07
2021-10-28,18.78
2021-10-29,20.66
2021-11-01,18.71
2021-11-02,18.11
2021-11-03,18.39
2021-11-04,18.67
2021-11-05,18.94
2021-11-08,18.28
2021-11-09,17.92
2021-11-10,19.25
2021-11-11,18.9
2021-11-12,20.2
2021-11-15,19.27
2021-11-16,18.31
2021-11-17,18.45
2021-11-18,17.8
2021-11-19,17.83
2021-11-22,18.1
2021-11-23,17.25
2021-11-24,17.0
2021-11-25,17.06
2021-11-26,16.45
2021-11-29,16.24
2021-11-30,16.39
2021-12-01,16.45
2021-12-02,15.99
2021-12-03,17.07
2021-12-06,17.55
2021-12-07,17.24
2021-12-08,18.96
2021-12-09,19.3
2021-12-10,18.72
2021-12-13,20.24
2021-12-14,20.28
2021-12-15,19.28
2021-12-16,19.1
2021-12-17,18.8
2021-12-20,18.47
2021-12-21,18.45
2021-12-22,18.85
2021-12-23,19.64
2021-12-24,20.17
2021-12-27,21.5
2021-12-28,20.18
2021-12-29,20.71
2021-12-30,20.08
2021-12-31,19.87
2022-01-04,18.51
2022-01-05,17.62
2022-01-06,17.77
2022-01-07,17.05
2022-01-10,16.97
2022-01-11,17.38
2022-01-12,18.77
2022-01-13,18.2
2022-01-14,18.18
2022-01-17,17.8
2022-01-18,18.39
2022-01-19,17.72
2022-01-20,17.38
2022-01-21,17.78
2022-01-24,18.2
2022-01-25,17.05
2022-01-26,17.33
2022-01-27,16.78
2022-01-28,16.51
2022-02-07,16.7
2022-02-08,16.98
2022-02-09,17.09
2022-02-10,16.6
2022-02-11,14.94
2022-02-14,14.69
2022-02-15,15.34
2022-02-16,15.61
2022-02-17,15.96
2022-02-18,15.59
2022-02-21,16.0
2022-02-22,15.59
2022-02-23,15.61
2022-02-24,15.04
2022-02-25,15.48
2022-02-28,15.4
2022-03-01,15.9
2022-03-02,15.93
2022-03-03,15.29
2022-03-04,15.2
2022-03-07,14.8
2022-03-08,14.28
2022-03-09,14.28
2022-03-10,14.56
2022-03-11,14.3
2022-03-14,13.71
2022-03-15,13.0
2022-03-16,13.62
2022-03-17,13.73
2022-03-18,14.23
2022-03-21,14.0
2022-03-22,13.77
2022-03-23,13.89
2022-03-24,14.53
2022-03-25,14.05
2022-03-28,13.76
2022-03-29,13.84
2022-03-30,13.86
2022-03-31,13.8
2022-04-01,13.67
2022-04-06,14.25
2022-04-07,13.66
2022-04-08,14.4
2022-04-11,15.15
2022-04-12,15.14
2022-04-13,14.97
2022-04-14,14.85
2022-04-15,13.94
2022-04-18,14.05
2022-04-19,13.85
2022-04-20,13.75
2022-04-21,12.72
2022-04-22,12.5
2022-04-25,11.62
2022-04-26,11.05
2022-04-27,12.16
2022-04-28,11.93
2022-04-29,12.48
2022-05-05,12.85
2022-05-06,12.68
2022-05-09,12.42
2022-05-10,12.79
2022-05-11,12.82
2022-05-12,13.1
2022-05-13,12.91
2022-05-16,12.81
2022-05-17,12.56
2022-05-18,13.21
2022-05-19,13.03
2022-05-20,13.25
2022-05-23,13.67
2022-05-24,13.83
2022-05-25,14.92
2022-05-26,14.6
2022-05-27,14.25
2022-05-30,14.44
2022-05-31,14.4
2022-06-01,14.93
2022-06-02,14.53
2022-06-06,14.57
2022-06-07,14.4
2022-06-08,14.55
2022-06-09,14.07
2022-06-10,14.58
2022-06-13,14.55
2022-06-14,15.19
2022-06-15,14.8
2022-06-16,14.58
2022-06-17,14.57
2022-06-20,14.92
2022-06-21,14.79
2022-06-22,14.38
2022-06-23,14.52
2022-06-24,14.42
2022-06-27,14.81
2022-06-28,15.86
2022-06-29,15.26
2022-06-30,15.31
2022-07-01,15.65
2022-07-04,16.09
2022-07-05,15.81
2022-07-06,15.58
2022-07-07,16.1
2022-07-08,16.78
2022-07-11,17.55
2022-07-12,17.01
2022-07-13,17.99
2022-07-14,18.8
2022-07-15,18.6
2022-07-18,19.04
2022-07-19,19.17
2022-07-20,18.19
2022-07-21,17.09
2022-07-22,16.98
2022-07-25,16.57
2022-07-26,16.66
2022-07-27,16.59
2022-07-28,17.09
2022-07-29,17.26
2022-08-01,16.94
2022-08-02,15.88
2022-08-03,15.54
2022-08-04,15.95
2022-08-05,15.89
2022-08-08,17.48
2022-08-09,18.31
2022-08-10,18.33
2022-08-12,17.54
2022-08-15,17.34
2022-08-16,17.58
2022-08-17,17.42
2022-08-18,16.96
2022-08-19,17.11
2022-08-22,16.91
2022-08-23,17.0
2022-08-24,16.33
2022-08-25,16.81
2022-08-26,17.57
2022-08-29,17.3
2022-08-30,16.35
2022-08-31,15.55
2022-09-01,16.01
2022-09-02,16.23
2022-09-05,16.13
2022-09-06,17.74
2022-09-07,18.8
2022-09-08,18.18
2022-09-09,17.61
2022-09-13,16.48
2022-09-14,16.42
2022-09-15,15.65
2022-09-16,15.67
2022-09-19,16.18
2022-09-20,17.1
2022-09-21,16.43
2022-09-22,16.4
2022-09-23,16.05
2022-09-26,16.41
2022-09-27,16.85
2022-09-28,15.83
2022-09-29,15.82
2022-09-30,14.99
2022-10-10,14.12
2022-10-11,14.35
2022-10-12,14.36
2022-10-13,14.79
2022-10-14,15.05
2022-10-17,15.01
2022-10-18,15.44
2022-10-19,15.11
2022-10-20,14.65
2022-10-21,14.69
2022-10-24,14.4
2022-10-25,14.56
2022-10-26,15.55
2022-10-27,14.99
2022-10-28,14.49
2022-10-31,14.61
2022-11-01,15.19
2022-11-02,15.12
2022-11-03,15.19
2022-11-04,15.59
2022-11-07,15.87
2022-11-08,15.77
2022-11-09,15.77
2022-11-10,15.83
2022-11-11,15.98
2022-11-14,15.6
2022-11-15,15.88
2022-11-16,15.77
2022-11-17,15.31
2022-11-18,15.39
2022-11-21,15.43
2022-11-22,15.28
2022-11-23,15.44
2022-11-24,15.18
2022-11-25,14.91
2022-11-28,15.25
2022-11-29,15.09
2022-11-30,15.0
2022-12-01,15.38
2022-12-02,15.23
2022-12-05,15.37
2022-12-06,15.11
2022-12-07,14.89
2022-12-08,14.91
2022-12-09,14.83
2022-12-12,14.55
2022-12-13,14.33
2022-12-14,14.33
2022-12-15,14.33
2022-12-16,14.14
2022-12-19,13.72
2022-12-20,13.95
2022-12-21,13.8
2022-12-22,13.49
2022-12-23,13.51
2022-12-26,13.95
2022-12-27,13.84
2022-12-28,14.06
2022-12-29,13.97
2022-12-30,14.42
2023-01-03,14.83
2023-01-04,14.81
2023-01-05,14.82
2023-01-06,14.85
2023-01-09,14.71
2023-01-10,14.83
2023-01-11,14.55
2023-01-12,14.45
2023-01-13,14.43
2023-01-16,14.53
2023-01-17,14.45
2023-01-18,14.38
2023-01-19,14.28
2023-01-20,14.74
2023-01-30,14.57
2023-01-31,14.71
2023-02-01,14.97
2023-02-02,14.97
2023-02-03,14.81
2023-02-06,14.71
2023-02-07,15.17
2023-02-08,14.95
2023-02-09,15.18
2023-02-10,15.23
2023-02-13,15.77
2023-02-14,15.73
2023-02-15,15.56
2023-02-16,15.08
2023-02-17,15.02
2023-02-20,15.67
2023-02-21,15.46
2023-02-22,15.35
2023-02-23,15.34
2023-02-24,15.17
2023-02-27,15.15
2023-02-28,15.18
2023-03-01,15.16
2023-03-02,15.15
2023-03-03,15.31
2023-03-06,15.21
2023-03-07,14.99
2023-03-08,15.03
2023-03-09,14.87
2023-03-10,14.74
2023-03-13,14.78
2023-03-14,14.71
2023-03-15,14.89
2023-03-16,14.42
2023-03-17,14.37
2023-03-20,14.53
2023-03-21,14.51
2023-03-22,14.45
2023-03-23,14.53
2023-03-24,14.33
2023-03-27,14.18
2023-03-28,13.84
2023-03-29,13.74
2023-03-30,13.94
2023-03-31,14.0
2023-04-03,14.05
2023-04-04,13.94
2023-04-06,13.95
2023-04-07,13.89
2023-04-10,14.36
2023-04-11,14.16
2023-04-12,14.18
2023-04-13,14.24
2023-04-14,14.41
2023-04-17,14.54
2023-04-18,14.42
2023-04-19,14.25
2023-04-20,14.06
2023-04-21,13.89
2023-04-24,14.06
2023-04-25,13.74
2023-04-26,13.98
2023-04-27,13.66
2023-04-28,13.75
2023-05-04,13.82
2023-05-05,13.48
2023-05-08,13.69
2023-05-09,13.49
2023-05-10,13.53
2023-05-11,13.58
2023-05-12,13.66
2023-05-15,13.81
2023-05-16,12.94
2023-05-17,13.0
2023-05-18,12.95
2023-05-19,12.76
2023-05-22,13.02
2023-05-23,12.81
2023-05-24,12.71
2023-05-25,12.78
2023-05-26,12.75
2023-05-29,12.88
2023-05-30,12.87
2023-05-31,12.62
2023-06-01,12.34
2023-06-02,12.43
2023-06-05,12.26
2023-06-06,11.04
2023-06-07,10.93
2023-06-08,10.99
2023-06-09,11.05
2023-06-12,11.05
2023-06-13,10.98
2023-06-14,10.87
2023-06-15,11.05
2023-06-16,11.26
2023-06-19,11.15
2023-06-20,11.28
2023-06-21,11.24
2023-06-26,11.48
2023-06-27,11.24
2023-06-28,11.21
2023-06-29,11.03
2023-06-30,11.01
2023-07-03,11.39
2023-07-04,11.33
2023-07-05,11.2
2023-07-06,11.18
2023-07-07,11.31
2023-07-10,11.44
2023-07-11,11.37
2023-07-12,11.5
2023-07-13,11.49
2023-07-14,11.34
2023-07-17,11.35
2023-07-18,11.29
2023-07-19,11.25
2023-07-20,11.29
2023-07-21,11.12
2023-07-24,11.12
2023-07-25,11.23
2023-07-26,11.16
2023-07-27,11.09
2023-07-28,11.2
2023-07-31,11.35
2023-08-01,11.33
2023-08-02,11.17
2023-08-03,11.17
2023-08-04,11.15
2023-08-07,11.07
2023-08-08,10.94
2023-08-09,10.8
2023-08-10,10.98
2023-08-11,10.66
2023-08-14,10.59
2023-08-15,10.46
2023-08-16,10.27
2023-08-17,10.37
2023-08-18,10.14
2023-08-21,10.03
2023-08-22,10.04
2023-08-23,9.85
2023-08-24,9.76
2023-08-25,9.73
2023-08-28,9.75
2023-08-29,9.9
2023-08-30,9.79
2023-08-31,9.84
2023-09-01,9.83
2023-09-04,9.99
2023-09-05,10.02
2023-09-06,9.95
2023-09-07,9.74
2023-09-08,9.79
2023-09-11,9.9
2023-09-12,9.89
2023-09-13,9.8
2023-09-14,9.81
2023-09-15,9.85
2023-09-18,9.83
2023-09-19,9.84
2023-09-20,9.67
2023-09-21,9.41
2023-09-22,9.56
2023-09-25,9.38
2023-09-26,9.26
2023-09-27,9.39
2023-09-28,9.38
2023-10-09,9.43
2023-10-10,9.31
2023-10-11,9.34
2023-10-12,9.47
2023-10-13,9.31
2023-10-16,9.21
2023-10-17,9.22
2023-10-18,9.0
2023-10-19,8.88
2023-10-20,8.99
2023-10-23,8.72
2023-10-24,8.86
2023-10-25,9.01
2023-10-26,9.21
2023-10-27,9.33
2023-10-30,9.06
2023-10-31,9.1
2023-11-01,9.17
2023-11-02,9.1
2023-11-03,9.17
2023-11-06,9.25
2023-11-07,9.24
2023-11-08,9.16
2023-11-09,9.19
2023-11-10,9.2
2023-11-13,9.2
2023-11-14,9.22
2023-11-15,9.38
2023-11-16,9.23
2023-11-17,9.27
2023-11-20,9.38
2023-11-21,9.32
2023-11-22,9.53
2023-11-23,9.5
2023-11-24,9.49
2023-11-27,9.52
2023-11-28,9.62
2023-11-29,9.62
2023-11-30,9.6
2023-12-01,9.61
2023-12-04,9.57
2023-12-05,9.41
2023-12-06,9.51
2023-12-07,9.75
2023-12-08,10.18
2023-12-11,10.14
2023-12-12,10.27
2023-12-13,10.1
2023-12-14,10.04
2023-12-15,9.93
2023-12-18,9.98
2023-12-19,9.92
2023-12-20,9.99
2023-12-21,10.08
2023-12-22,10.0
2023-12-25,9.83
2023-12-26,9.71
2023-12-27,9.84
2023-12-28,9.91
2023-12-29,9.86
2024-01-02,9.88
2024-01-03,9.82
2024-01-04,9.75
2024-01-05,9.53
2024-01-08,9.23
2024-01-09,9.2
2024-01-10,9.09
2024-01-11,9.19
2024-01-12,9.27
2024-01-15,9.15
2024-01-16,9.04
2024-01-17,8.77
2024-01-18,8.66
2024-01-19,8.77
2024-01-22,8.36
2024-01-23,8.41
2024-01-24,8.54
2024-01-25,8.98
2024-01-26,8.96
2024-01-29,8.99
2024-01-30,8.79
2024-01-31,8.64
2024-02-01,8.46
2024-02-02,8.3
2024-02-05,8.2
2024-02-06,8.66
2024-02-07,9.53
2024-02-08,9.5
2024-02-19,9.32
2024-02-20,9.22
2024-02-21,9.32
2024-02-22,9.41
2024-02-23,9.7
2024-02-26,9.54
2024-02-27,9.62
2024-02-28,10.0
2024-02-29,10.2
2024-03-01,10.01
2024-03-04,10.27
2024-03-05,10.08
2024-03-06,9.98
2024-03-07,9.83
2024-03-08,9.88
2024-03-11,10.39
2024-03-12,10.29
2024-03-13,10.17
2024-03-14,10.03
2024-03-15,10.07
2024-03-18,10.1
2024-03-19,9.87
2024-03-20,9.9
2024-03-21,9.83
2024-03-22,9.69
2024-03-25,9.49
2024-03-26,9.53
2024-03-27,9.32
2024-03-28,9.38
2024-03-29,9.49
2024-04-01,9.68
2024-04-02,9.54
2024-04-03,9.47
2024-04-08,9.65
2024-04-09,9.53
2024-04-10,9.4
2024-04-11,9.55
2024-04-12,9.35
2024-04-15,9.54
2024-04-16,9.62
2024-04-17,9.91
2024-04-18,9.79
2024-04-19,9.78
2024-04-22,9.69
2024-04-23,9.59
2024-04-24,9.78
2024-04-25,9.85
2024-04-26,9.87
2024-04-29,10.05
2024-04-30,9.96
2024-05-06,10.1
2024-05-07,10.01
2024-05-08,9.93
2024-05-09,10.09
2024-05-10,10.34
2024-05-13,11.0
2024-05-14,11.04
2024-05-15,10.82
2024-05-16,10.66
2024-05-17,11.08
2024-05-20,11.39
2024-05-21,11.11
2024-05-22,10.99
2024-05-23,10.67
2024-05-24,10.8
2024-05-27,10.95
2024-05-28,11.21
2024-05-29,11.07
2024-05-30,10.95
2024-05-31,10.86
2024-06-03,10.62
2024-06-04,10.86
2024-06-05,10.7
2024-06-06,10.65
2024-06-07,10.64
2024-06-11,10.54
2024-06-12,10.77
2024-06-13,10.66
2024-06-14,10.66
2024-06-17,10.49
2024-06-18,10.31
2024-06-19,10.21
2024-06-20,10.05
2024-06-21,10.06
2024-06-24,9.86
2024-06-25,9.81
2024-06-26,9.87
2024-06-27,9.54
2024-06-28,9.66
2024-07-01,9.86
2024-07-02,9.74
2024-07-03,9.62
2024-07-04,9.43
2024-07-05,9.43
2024-07-08,9.35
2024-07-09,9.4
2024-07-10,9.24
2024-07-11,9.44
2024-07-12,9.39
2024-07-15,9.33
2024-07-16,9.3
2024-07-17,9.12
2024-07-18,9.22
2024-07-19,9.27
2024-07-22,9.21
2024-07-23,9.15
2024-07-24,9.3
2024-07-25,9.39
2024-07-26,9.47
2024-07-29,9.54
2024-07-30,9.48
2024-07-31,9.54
2024-08-01,9.52
2024-08-02,9.43
2024-08-05,9.32
2024-08-06,9.38
2024-08-07,9.47
2024-08-08,9.48
2024-08-09,9.4
2024-08-12,9.48
2024-08-13,9.5
2024-08-14,9.65
2024-08-15,9.89
2024-08-16,9.86
2024-08-19,9.87
2024-08-20,9.64
2024-08-21,9.59
2024-08-22,9.49
2024-08-23,9.35
2024-08-26,9.38
2024-08-27,9.28
2024-08-28,9.3
2024-08-29,9.37
2024-08-30,9.72
2024-09-02,9.71
2024-09-03,9.68
2024-09-04,9.77
2024-09-05,9.66
2024-09-06,9.52
2024-09-09,9.36
2024-09-10,9.06
2024-09-11,8.81
2024-09-12,8.93
2024-09-13,8.83
2024-09-18,8.77
2024-09-19,8.95
2024-09-20,8.71
2024-09-23,8.87
2024-09-24,9.16
2024-09-25,9.18
2024-09-26,9.41
2024-09-27,9.78
2024-09-30,10.76
2024-10-08,11.15
2024-10-09,10.32
2024-10-10,10.37
2024-10-11,9.97
2024-10-14,10.05
2024-10-15,9.79
2024-10-16,9.97
2024-10-17,10.06
2024-10-18,10.16
2024-10-21,10.1
2024-10-22,10.3
2024-10-23,10.43
2024-10-24,10.41
2024-10-25,10.39
2024-10-28,10.5
2024-10-29,10.37
2024-10-30,10.39
2024-10-31,10.77
2024-11-01,10.84
2024-11-04,11.22
2024-11-05,11.68
2024-11-06,11.38
2024-11-07,11.7
2024-11-08,11.5
2024-11-11,11.38
2024-11-12,11.21
2024-11-13,11.14
2024-11-14,10.9
2024-11-15,10.67
2024-11-18,10.57
2024-11-19,10.67
2024-11-20,10.64
2024-11-21,10.52
2024-11-22,10.17
2024-11-25,10.23
2024-11-26,10.18
2024-11-27,10.4
2024-11-28,10.27
2024-11-29,10.35
2024-12-02,10.54
2024-12-03,10.55
2024-12-04,10.44
2024-12-05,10.41
2024-12-06,10.56
2024-12-09,10.43
2024-12-10,10.4
2024-12-11,10.5
2024-12-12,10.58
2024-12-13,10.41
2024-12-16,10.38
2024-12-17,10.39
2024-12-18,10.48
2024-12-19,10.35
2024-12-20,10.25
2024-12-23,10.19
2024-12-24,10.36
2024-12-25,10.27
2024-12-26,10.16
2024-12-27,10.33
2024-12-30,10.29
2024-12-31,10.12
2025-01-02,9.85
2025-01-03,9.81
2025-01-06,9.85
2025-01-07,9.69
2025-01-08,9.7
2025-01-09,9.56
2025-01-10,9.5
2025-01-13,9.66
2025-01-14,9.75
2025-01-15,9.64
2025-01-16,9.62
2025-01-17,9.59
2025-01-20,9.64
2025-01-21,9.59
2025-01-22,9.65
2025-01-23,9.64
2025-01-24,9.69
2025-01-27,9.81
2025-02-05,9.76
2025-02-06,9.84
2025-02-07,9.88
2025-02-10,9.97
2025-02-11,10.0
2025-02-12,10.12
2025-02-13,10.14
2025-02-14,10.05
2025-02-17,10.05
2025-02-18,10.18
2025-02-19,10.06
2025-02-20,9.94
2025-02-21,9.99
2025-02-24,9.87
2025-02-25,9.88
2025-02-26,9.93
2025-02-27,9.83
2025-02-28,9.75
2025-03-03,9.7
2025-03-04,9.76
2025-03-05,9.75
2025-03-06,9.79
2025-03-07,9.74
2025-03-10,9.5
2025-03-11,9.47
2025-03-12,9.55
2025-03-13,9.58
2025-03-14,9.67
2025-03-17,9.67
2025-03-18,9.66
2025-03-19,9.79
2025-03-20,9.76
2025-03-21,9.77
2025-03-24,9.77
2025-03-25,9.94
2025-03-26,9.87
2025-03-27,9.76
2025-03-28,9.66
2025-03-31,9.55
2025-04-01,9.68
2025-04-02,9.58
2025-04-03,9.74
2025-04-07,8.82
2025-04-08,9.22
2025-04-09,9.46
2025-04-10,9.48
2025-04-11,9.49
2025-04-14,9.52
2025-04-15,9.53
2025-04-16,9.53
2025-04-17,9.68
2025-04-18,9.63
2025-04-21,9.71
2025-04-22,9.66
2025-04-23,9.58
2025-04-24,9.77
2025-04-25,10.05
2025-04-28,10.13
2025-04-29,9.87
2025-04-30,9.75
2025-05-06,9.81
2025-05-07,9.81
2025-05-08,9.76
2025-05-09,9.78
2025-05-12,9.77
2025-05-13,9.78
2025-05-14,9.76
2025-05-15,9.73
2025-05-16,9.68
2025-05-19,9.77
2025-05-20,9.92
2025-05-21,9.91
2025-05-22,9.81
2025-05-23,9.69
2025-05-26,9.91
2025-05-27,9.96
2025-05-28,10.03
2025-05-29,9.97
2025-05-30,10.13
2025-06-03,9.98
2025-06-04,9.91
2025-06-05,10.02
2025-06-06,9.96
2025-06-09,9.95
2025-06-10,9.91
2025-06-11,9.9
2025-06-12,9.88
2025-06-13,9.95
2025-06-16,9.86
2025-06-17,9.87
2025-06-18,9.8
2025-06-19,9.71
2025-06-20,9.81
2025-06-23,9.65
2025-06-24,9.73
2025-06-25,9.85
2025-06-26,9.81
2025-06-27,9.77
2025-06-30,9.78
2025-07-01,9.88
2025-07-02,9.97
2025-07-03,9.96
2025-07-04,10.03
2025-07-07,10.23
2025-07-08,10.12
2025-07-09,10.1
2025-07-10,10.1
2025-07-11,10.09
2025-07-14,9.98
2025-07-15,9.85
2025-07-16,9.81
2025-07-17,9.86
2025-07-18,10.05
2025-07-21,10.36
2025-07-22,10.84
2025-07-23,10.44
2025-07-24,10.56
2025-07-25,10.31
2025-07-28,10.29
2025-07-29,10.24
2025-07-30,10.26
2025-07-31,10.06
2025-08-01,10.11
2025-08-04,10.09
2025-08-05,10.11
2025-08-06,10.13
2025-08-07,10.2
2025-08-08,10.24
2025-08-11,10.22
2025-08-12,10.1
2025-08-13,10.15
2025-08-14,10.04
2025-08-15,10.1
2025-08-18,10.16
2025-08-19,10.11
2025-08-20,10.16
2025-08-21,10.17
2025-08-22,10.23
2025-08-25,10.38
2025-08-26,10.35
2025-08-27,10.23
2025-08-28,10.29
2025-08-29,10.3
2025-09-01,10.62
2025-09-02,10.56
2025-09-03,10.6
2025-09-04,10.69
2025-09-05,11.06
2025-09-08,11.6
2025-09-09,11.76
2025-09-10,11.46
2025-09-11,11.55
2025-09-12,11.48
2025-09-15,11.75
2025-09-16,11.52
2025-09-17,11.7
2025-09-18,11.47
2025-09-19,11.78
2025-09-22,11.69
2025-09-23,12.67
2025-09-24,12.47
2025-09-25,12.3
2025-09-26,12.07
2025-09-29,12.39
2025-09-30,12.37
2025-10-09,13.09
2025-10-10,12.83
2025-10-13,12.55
2025-10-14,12.63
2025-10-15,12.89
2025-10-16,12.9
2025-10-17,12.69
2025-10-20,12.49
2025-10-21,12.56
2025-10-22,12.25
2025-10-23,12.34
2025-10-24,12.37
2025-10-27,12.81
2025-10-28,12.57
2025-10-29,13.11
2025-10-30,12.95
2025-10-31,12.67
2025-11-03,12.68
2025-11-04,12.49
2025-11-05,13.01
2025-11-06,13.18
2025-11-07,13.52
2025-11-10,14.34
2025-11-11,14.02
2025-11-12,13.48
2025-11-13,13.87
2025-11-14,13.36
2025-11-17,13.39
2025-11-18,13.15
2025-11-19,13.16
2025-11-20,12.82
2025-11-21,12.28
2025-11-24,12.15
2025-11-25,12.24
2025-11-26,12.28
2025-11-27,12.25
2025-11-28,12.44
2025-12-01,12.66
2025-12-02,12.47
2025-12-03,12.54
2025-12-04,12.45
2025-12-05,12.45
2025-12-08,12.35
2025-12-09,12.25
2025-12-10,12.3
2025-12-11,12.26
2025-12-12,12.59
2025-12-15,12.75
2025-12-16,12.51
2025-12-17,12.59
2025-12-18,12.39
2025-12-19,12.68
2025-12-22,12.64
2025-12-23,12.77
2025-12-24,12.78
2025-12-25,12.87
2025-12-26,13.0
2025-12-29,12.74
2025-12-30,12.67
2025-12-31,12.57
2026-01-05,12.68
2026-01-06,12.86
2026-01-07,12.98
2026-01-08,12.86
2026-01-09,13.04
2026-01-12,13.18
2026-01-13,13.35
2026-01-14,13.31
2026-01-15,13.53
2026-01-16,13.77
2026-01-19,14.18
2026-01-20,14.2
2026-01-21,13.93
2026-01-22,13.79
2026-01-23,13.94
2026-01-26,14.1
2026-01-27,13.84
2026-01-28,13.89
2026-01-29,13.6
2026-01-30,13.55
2026-02-02,14.0
2026-02-03,14.28
2026-02-04,14.05
2026-02-05,13.37
2026-02-06,13.37
2026-02-09,13.39
2026-02-10,13.28
2026-02-11,13.42
2026-02-12,13.97
2026-02-13,13.46
2026-02-24,14.11
2026-02-25,14.3
2026-02-26,14.35
2026-02-27,14.93
2026-03-02,14.96
2026-03-03,14.52
2026-03-04,14.67
2026-03-05,15.23
2026-03-06,15.6
2026-03-09,16.19
2026-03-10,15.85
2026-03-11,16.44
2026-03-12,16.45
2026-03-13,15.57
2026-03-16,14.88
2026-03-17,14.9
2026-03-18,14.98
2026-03-19,14.83
2026-03-20,15.19
2026-03-23,15.09
2026-03-24,15.43
2026-03-25,16.28
2026-03-26,15.93
2026-03-27,15.32
