date,close_raw
2010-01-04,44.78
2010-01-05,46.54
2010-01-06,47.21
2010-01-07,46.27
2010-01-08,45.2
2010-01-11,44.49
2010-01-12,44.85
2010-01-13,41.79
2010-01-14,42.44
2010-01-15,42.08
2010-01-18,41.72
2010-01-19,42.34
2010-01-20,40.63
2010-01-21,39.73
2010-01-22,38.14
2010-01-25,37.89
2010-01-26,36.04
2010-01-27,36.54
2010-01-28,36.86
2010-01-29,36.38
2010-02-01,34.28
2010-02-02,34.27
2010-02-03,37.19
2010-02-04,35.88
2010-02-05,34.29
2010-02-08,34.65
2010-02-09,34.82
2010-02-10,35.29
2010-02-11,35.27
2010-02-12,36.06
2010-02-22,35.5
2010-02-23,34.55
2010-02-24,35.11
2010-02-25,35.71
2010-02-26,35.37
2010-03-01,36.1
2010-03-02,35.17
2010-03-03,35.81
2010-03-04,35.17
2010-03-05,34.95
2010-03-08,35.3
2010-03-09,35.85
2010-03-10,35.39
2010-03-11,35.03
2010-03-12,34.45
2010-03-15,33.5
2010-03-16,33.23
2010-03-17,34.08
2010-03-18,34.13
2010-03-19,34.59
2010-03-22,34.84
2010-03-23,34.97
2010-03-24,34.85
2010-03-25,34.26
2010-03-26,34.62
2010-03-29,36.73
2010-03-30,37.43
2010-03-31,36.84
2010-04-01,37.98
2010-04-02,39.32
2010-04-06,40.16
2010-04-07,39.57
2010-04-08,38.12
2010-04-09,38.93
2010-04-12,38.48
2010-04-13,38.91
2010-04-14,39.21
2010-04-15,41.48
2010-04-16,40.81
2010-04-19,38.2
2010-04-20,38.38
2010-04-21,40.81
2010-04-22,40.47
2010-04-23,41.01
2010-04-26,40.44
2010-04-27,39.14
2010-04-28,39.04
2010-04-29,37.09
2010-04-30,37.49
2010-05-04,37.85
2010-05-05,38.17
2010-05-06,35.5
2010-05-07,33.26
2010-05-10,34.23
2010-05-11,33.77
2010-05-12,34.09
2010-05-13,35.39
2010-05-14,34.84
2010-05-17,32.2
2010-05-18,33.79
2010-05-19,33.83
2010-05-20,33.36
2010-05-21,33.75
2010-05-24,35.6
2010-05-25,34.56
2010-05-26,34.11
2010-05-27,34.89
2010-05-28,34.96
2010-05-31,33.77
2010-06-01,33.09
2010-06-02,33.74
2010-06-03,33.16
2010-06-04,33.17
2010-06-07,32.11
2010-06-08,32.08
2010-06-09,33.39
2010-06-10,32.77
2010-06-11,33.12
2010-06-17,32.79
2010-06-18,32.22
2010-06-21,33.4
2010-06-22,33.38
2010-06-23,33.05
2010-06-24,32.87
2010-06-28,30.87
2010-06-29,29.11
2010-06-30,27.98
2010-07-01,27.13
2010-07-02,26.99
2010-07-05,25.77
2010-07-06,26.44
2010-07-07,26.69
2010-07-08,26.52
2010-07-09,28.18
2010-07-12,28.43
2010-07-13,27.44
2010-07-14,27.75
2010-07-15,27.11
2010-07-16,27.57
2010-07-19,28.92
2010-07-20,31.77
2010-07-21,31.85
2010-07-22,32.74
2010-07-23,33.44
2010-07-26,16.67
2010-07-27,16.16
2010-07-28,16.44
2010-07-29,16.31
2010-07-30,16.12
2010-08-02,16.44
2010-08-03,16.79
2010-08-04,17.13
2010-08-05,16.96
2010-08-06,17.07
2010-08-09,17.24
2010-08-10,16.66
2010-08-11,16.72
2010-08-12,16.35
2010-08-13,16.53
2010-08-16,17.04
2010-08-17,16.92
2010-08-18,16.87
2010-08-19,17.22
2010-08-20,16.78
2010-08-23,16.63
2010-08-24,16.69
2010-08-25,16.19
2010-08-26,16.41
2010-08-27,16.33
2010-08-30,16.53
2010-08-31,16.44
2010-09-01,16.51
2010-09-02,16.52
2010-09-06,16.84
2010-09-07,16.8
2010-09-08,16.73
2010-09-09,16.41
2010-09-10,16.42
2010-09-13,16.48
2010-09-14,16.37
2010-09-15,15.99
2010-09-16,15.62
2010-09-17,15.75
2010-09-20,15.34
2010-09-21,15.42
2010-09-27,15.71
2010-09-28,15.42
2010-09-29,16.41
2010-09-30,16.77
2010-10-08,18.45
2010-10-11,19.94
2010-10-12,21.24
2010-10-13,20.96
2010-10-14,21.93
2010-10-15,21.91
2010-10-18,20.88
2010-10-19,21.65
2010-10-20,23.82
2010-10-21,24.86
2010-10-22,25.81
2010-10-25,27.18
2010-10-26,26.59
2010-10-27,25.56
2010-10-28,25.09
2010-10-29,25.29
2010-11-01,27.0
2010-11-02,26.0
2010-11-03,24.7
2010-11-04,25.29
2010-11-05,25.35
2010-11-08,25.28
2010-11-09,25.59
2010-11-10,25.32
2010-11-11,25.64
2010-11-12,23.64
2010-11-15,22.73
2010-11-16,20.62
2010-11-17,20.0
2010-11-18,21.54
2010-11-19,21.49
2010-11-22,21.2
2010-11-23,20.92
2010-11-24,21.39
2010-11-25,21.78
2010-11-26,21.98
2010-11-29,21.31
2010-11-30,21.5
2010-12-01,21.28
2010-12-02,21.44
2010-12-03,21.18
2010-12-06,21.13
2010-12-07,21.41
2010-12-08,21.06
2010-12-09,20.51
2010-12-10,20.79
2010-12-13,21.86
2010-12-14,21.94
2010-12-15,22.33
2010-12-16,22.22
2010-12-17,21.85
2010-12-20,21.66
2010-12-21,22.2
2010-12-22,21.77
2010-12-23,21.64
2010-12-24,21.12
2010-12-27,21.23
2010-12-28,20.56
2010-12-29,20.29
2010-12-30,20.24
2010-12-31,21.01
2011-01-04,21.47
2011-01-05,21.71
2011-01-06,21.4
2011-01-07,21.07
2011-01-10,20.64
2011-01-11,20.61
2011-01-12,20.59
2011-01-13,20.64
2011-01-14,20.22
2011-01-17,19.24
2011-01-18,18.86
2011-01-19,19.44
2011-01-20,18.56
2011-01-21,18.65
2011-01-24,18.19
2011-01-25,17.86
2011-01-26,18.07
2011-01-27,18.54
2011-01-28,18.54
2011-01-31,18.84
2011-02-01,19.15
2011-02-09,18.3
2011-02-10,18.95
2011-02-11,18.88
2011-02-14,19.65
2011-02-15,19.7
2011-02-16,20.29
2011-02-17,20.09
2011-02-18,19.64
2011-02-21,19.86
2011-02-22,19.48
2011-02-23,19.34
2011-02-24,19.57
2011-02-25,19.56
2011-02-28,19.75
2011-03-01,19.77
2011-03-02,19.51
2011-03-03,19.21
2011-03-04,19.67
2011-03-07,21.58
2011-03-08,21.25
2011-03-09,21.1
2011-03-10,20.44
2011-03-11,20.31
2011-03-14,20.24
2011-03-15,19.58
2011-03-16,20.02
2011-03-17,19.88
2011-03-18,20.03
2011-03-21,19.9
2011-03-22,19.84
2011-03-23,20.07
2011-03-24,20.04
2011-03-25,20.19
2011-03-28,20.37
2011-03-29,20.06
2011-03-30,19.87
2011-03-31,19.69
2011-04-01,20.3
2011-04-06,20.55
2011-04-07,20.39
2011-04-08,20.5
2011-04-11,20.51
2011-04-12,20.61
2011-04-13,21.02
2011-04-14,20.63
2011-04-15,20.46
2011-04-18,20.33
2011-04-19,19.75
2011-04-20,19.92
2011-04-21,20.17
2011-04-22,20.05
2011-04-25,19.34
2011-04-26,19.05
2011-04-27,19.08
2011-04-28,18.69
2011-04-29,19.09
2011-05-03,19.2
2011-05-04,18.39
2011-05-05,18.2
2011-05-06,17.92
2011-05-09,18.08
2011-05-10,18.39
2011-05-11,18.14
2011-05-12,17.75
2011-05-13,18.06
2011-05-16,17.86
2011-05-17,18.62
2011-05-18,18.59
2011-05-19,18.21
2011-05-20,18.3
2011-05-23,17.68
2011-05-24,17.84
2011-05-25,17.66
2011-05-26,17.57
2011-05-27,17.63
2011-05-30,17.18
2011-05-31,17.61
2011-06-01,17.55
2011-06-02,17.38
2011-06-03,17.56
2011-06-07,17.54
2011-06-09,17.19
2011-06-10,17.29
2011-06-13,17.21
2011-06-14,17.43
2011-06-15,17.12
2011-06-16,16.56
2011-06-17,16.18
2011-06-20,16.19
2011-06-21,16.47
2011-06-22,16.29
2011-06-23,16.47
2011-06-24,16.81
2011-06-27,16.86
2011-06-28,16.89
2011-06-29,16.69
2011-06-30,17.0
2011-07-01,17.34
2011-07-04,17.79
2011-07-05,17.69
2011-07-06,17.6
2011-07-07,17.81
2011-07-08,17.89
2011-07-11,17.56
2011-07-12,17.26
2011-07-13,17.58
2011-07-14,17.72
2011-07-15,17.83
2011-07-18,17.78
2011-07-19,17.97
2011-07-20,17.83
2011-07-21,17.54
2011-07-22,17.6
2011-07-25,16.87
2011-07-26,16.92
2011-07-27,17.03
2011-07-28,17.27
2011-07-29,16.94
2011-08-01,17.18
2011-08-02,17.55
2011-08-03,17.82
2011-08-04,17.72
2011-08-05,17.21
2011-08-08,16.15
2011-08-09,16.04
2011-08-10,16.13
2011-08-11,16.26
2011-08-12,16.31
2011-08-15,16.45
2011-08-16,16.53
2011-08-17,16.37
2011-08-18,16.19
2011-08-19,15.89
2011-08-22,15.84
2011-08-23,16.03
2011-08-24,15.94
2011-08-25,16.46
2011-08-26,16.35
2011-08-29,16.12
2011-08-30,16.02
2011-08-31,16.14
2011-09-01,16.08
2011-09-02,15.95
2011-09-05,15.52
2011-09-06,15.49
2011-09-07,15.85
2011-09-08,15.78
2011-09-09,15.8
2011-09-13,15.86
2011-09-14,16.02
2011-09-15,15.92
2011-09-16,15.9
2011-09-19,15.63
2011-09-20,15.72
2011-09-21,16.34
2011-09-22,15.81
2011-09-23,16.01
2011-09-26,15.93
2011-09-27,16.16
2011-09-28,16.11
2011-09-29,16.08
2011-09-30,16.29
2011-10-10,16.2
2011-10-11,15.57
2011-10-12,15.85
2011-10-13,15.84
2011-10-14,15.79
2011-10-17,15.73
2011-10-18,15.32
2011-10-19,15.27
2011-10-20,14.75
2011-10-21,14.53
2011-10-24,14.91
2011-10-25,15.28
2011-10-26,15.2
2011-10-27,15.18
2011-10-28,15.68
2011-10-31,15.56
2011-11-01,15.49
2011-11-02,15.52
2011-11-03,15.55
2011-11-04,15.7
2011-11-07,15.71
2011-11-08,15.89
2011-11-09,16.0
2011-11-10,15.7
2011-11-11,15.77
2011-11-14,16.1
2011-11-15,16.02
2011-11-16,15.67
2011-11-17,15.74
2011-11-18,15.44
2011-11-21,15.3
2011-11-22,15.02
2011-11-23,14.92
2011-11-24,14.9
2011-11-25,14.85
2011-11-28,14.85
2011-11-29,15.22
2011-11-30,14.69
2011-12-01,14.93
2011-12-02,14.62
2011-12-05,14.24
2011-12-06,14.21
2011-12-07,14.11
2011-12-08,13.94
2011-12-09,13.83
2011-12-12,13.86
2011-12-13,13.34
2011-12-14,13.22
2011-12-15,12.3
2011-12-16,12.49
2011-12-19,12.22
2011-12-20,12.21
2011-12-21,12.0
2011-12-22,12.02
2011-12-23,12.17
2011-12-26,12.08
2011-12-27,12.04
2011-12-28,12.05
2011-12-29,11.95
2011-12-30,12.16
2012-01-04,11.89
2012-01-05,11.77
2012-01-09,12.82
2012-01-10,13.64
2012-01-11,13.39
2012-01-12,13.32
2012-01-13,12.91
2012-01-16,12.68
2012-01-17,13.59
2012-01-18,13.2
2012-01-19,13.41
2012-01-20,13.39
2012-01-30,13.1
2012-01-31,13.14
2012-02-01,12.9
2012-02-02,13.22
2012-02-03,13.24
2012-02-06,13.27
2012-02-07,13.08
2012-02-08,13.63
2012-02-09,13.55
2012-02-10,13.62
2012-02-13,13.67
2012-02-14,13.59
2012-02-15,13.79
2012-02-16,13.65
2012-02-17,13.56
2012-02-20,13.62
2012-02-21,13.8
2012-02-22,13.96
2012-02-23,14.06
2012-02-24,14.33
2012-02-27,14.25
2012-02-28,14.07
2012-02-29,14.01
2012-03-01,14.05
2012-03-02,14.38
2012-03-05,14.32
2012-03-06,13.98
2012-03-07,13.74
2012-03-08,14.01
2012-03-09,14.3
2012-03-12,14.1
2012-03-13,14.27
2012-03-14,13.69
2012-03-15,13.5
2012-03-16,13.63
2012-03-19,13.76
2012-03-20,13.71
2012-03-21,14.04
2012-03-22,13.98
2012-03-23,13.61
2012-03-26,13.62
2012-03-27,13.58
2012-03-28,12.97
2012-03-29,12.49
2012-03-30,12.53
2012-04-05,12.9
2012-04-06,12.99
2012-04-09,12.78
2012-04-10,12.93
2012-04-11,12.87
2012-04-12,13.24
2012-04-13,13.27
2012-04-16,13.03
2012-04-17,12.86
2012-04-18,13.35
2012-04-19,13.21
2012-04-20,13.37
2012-04-23,13.3
2012-04-24,13.22
2012-04-25,13.38
2012-04-26,13.54
2012-04-27,13.54
2012-05-02,14.13
2012-05-03,14.03
2012-05-04,14.13
2012-05-07,14.1
2012-05-08,14.0
2012-05-09,13.58
2012-05-10,13.7
2012-05-11,13.76
2012-05-14,13.63
2012-05-15,13.28
2012-05-16,13.32
2012-05-17,13.47
2012-05-18,13.0
2012-05-21,13.1
2012-05-22,13.19
2012-05-23,13.03
2012-05-24,12.97
2012-05-25,12.76
2012-05-28,12.92
2012-05-30,12.85
2012-05-31,12.88
2012-06-01,12.8
2012-06-04,12.37
2012-06-05,12.38
2012-06-06,12.29
2012-06-07,12.21
2012-06-08,12.08
2012-06-11,12.26
2012-06-12,11.99
2012-06-13,12.09
2012-06-14,12.06
2012-06-15,12.15
2012-06-18,12.29
2012-06-19,12.11
2012-06-20,12.13
2012-06-21,11.89
2012-06-25,11.37
2012-06-26,11.35
2012-06-27,11.21
2012-06-28,10.86
2012-06-29,10.95
2012-07-02,10.87
2012-07-03,10.7
2012-07-04,10.91
2012-07-05,10.77
2012-07-06,10.85
2012-07-09,10.37
2012-07-10,10.3
2012-07-11,10.39
2012-07-12,10.8
2012-07-13,10.69
2012-07-16,10.27
2012-07-17,10.34
2012-07-18,10.36
2012-07-19,10.36
2012-07-20,10.25
2012-07-23,10.11
2012-07-24,10.16
2012-07-25,10.08
2012-07-26,10.06
2012-07-27,10.05
2012-07-30,10.04
2012-07-31,9.78
2012-08-01,9.89
2012-08-02,9.78
2012-08-03,9.9
2012-08-06,10.13
2012-08-07,10.34
2012-08-08,10.35
2012-08-09,10.29
2012-08-10,10.16
2012-08-13,9.99
2012-08-14,10.07
2012-08-15,9.85
2012-08-16,9.77
2012-08-17,9.79
2012-08-20,9.65
2012-08-21,9.73
2012-08-22,9.59
2012-08-23,9.7
2012-08-24,9.73
2012-08-27,9.35
2012-08-28,9.41
2012-08-29,9.2
2012-08-30,9.13
2012-08-31,9.15
2012-09-03,9.2
2012-09-04,9.11
2012-09-05,9.0
2012-09-06,9.05
2012-09-07,9.75
2012-09-10,9.77
2012-09-11,9.66
2012-09-12,9.8
2012-09-13,9.64
2012-09-14,9.74
2012-09-17,9.47
2012-09-18,9.2
2012-09-19,9.28
2012-09-20,9.05
2012-09-21,9.13
2012-09-24,9.3
2012-09-25,9.22
2012-09-26,9.12
2012-09-27,9.49
2012-09-28,9.6
2012-10-08,9.47
2012-10-09,9.71
2012-10-10,9.77
2012-10-11,9.64
2012-10-12,9.6
2012-10-15,9.52
2012-10-16,9.51
2012-10-17,9.53
2012-10-18,9.7
2012-10-19,9.74
2012-10-22,9.68
2012-10-23,9.58
2012-10-24,9.57
2012-10-25,9.47
2012-10-26,9.2
2012-10-29,9.11
2012-10-30,9.13
2012-10-31,9.24
2012-11-01,9.34
2012-11-02,9.32
2012-11-05,9.46
2012-11-06,9.33
2012-11-07,9.31
2012-11-08,9.14
2012-11-09,9.08
2012-11-12,9.1
2012-11-13,8.96
2012-11-14,9.01
2012-11-15,8.84
2012-11-16,8.65
2012-11-19,8.68
2012-11-20,8.59
2012-11-21,8.77
2012-11-22,8.62
2012-11-23,8.61
2012-11-26,8.5
2012-11-27,8.28
2012-11-28,8.17
2012-11-29,8.04
2012-11-30,8.06
2012-12-03,7.73
2012-12-04,7.83
2012-12-05,8.18
2012-12-06,8.12
2012-12-07,8.44
2012-12-10,8.49
2012-12-11,8.5
2012-12-12,8.48
2012-12-13,8.35
2012-12-14,8.72
2012-12-17,8.97
2012-12-18,8.98
2012-12-19,8.97
2012-12-20,8.94
2012-12-21,9.03
2012-12-24,9.1
2012-12-25,9.35
2012-12-26,9.34
2012-12-27,9.16
2012-12-28,9.19
2012-12-31,9.24
2013-01-04,9.23
2013-01-07,9.23
2013-01-08,9.17
2013-01-09,9.37
2013-01-10,9.33
2013-01-11,9.07
2013-01-14,9.33
2013-01-15,9.56
2013-01-16,9.54
2013-01-17,9.32
2013-01-18,9.39
2013-01-21,9.75
2013-01-22,9.47
2013-01-23,9.44
2013-01-24,9.19
2013-01-25,9.11
2013-01-28,9.26
2013-01-29,9.33
2013-01-30,9.36
2013-01-31,9.36
2013-02-01,9.33
2013-02-04,10.26
2013-02-05,11.0
2013-02-06,10.86
2013-02-07,10.77
2013-02-08,10.64
2013-02-18,10.33
2013-02-19,10.13
2013-02-20,10.2
2013-02-21,9.6
2013-02-22,9.49
2013-02-25,9.53
2013-02-26,9.36
2013-02-27,9.48
2013-02-28,9.73
2013-03-01,9.6
2013-03-04,8.97
2013-03-05,9.15
2013-03-06,9.24
2013-03-07,9.62
2013-03-08,9.48
2013-03-11,9.45
2013-03-12,9.21
2013-03-13,9.18
2013-03-14,9.23
2013-03-15,9.12
2013-03-18,8.91
2013-03-19,8.91
2013-03-20,9.15
2013-03-21,9.17
2013-03-22,9.15
2013-03-25,9.16
2013-03-26,8.88
2013-03-27,8.84
2013-03-28,8.64
2013-03-29,8.53
2013-04-01,8.48
2013-04-02,8.52
2013-04-03,8.56
2013-04-08,8.35
2013-04-09,8.4
2013-04-10,8.58
2013-04-11,8.42
2013-04-12,8.33
2013-04-15,8.05
2013-04-16,8.15
2013-04-17,8.1
2013-04-18,8.07
2013-04-19,8.26
2013-04-22,8.32
2013-04-23,8.04
2013-04-24,8.19
2013-04-25,8.04
2013-04-26,7.81
2013-05-02,7.42
2013-05-03,7.57
2013-05-06,7.69
2013-05-07,7.72
2013-05-08,7.69
2013-05-09,7.5
2013-05-10,7.6
2013-05-13,7.54
2013-05-14,7.44
2013-05-15,7.48
2013-05-16,7.54
2013-05-17,7.91
2013-05-20,7.84
2013-05-21,7.85
2013-05-22,7.9
2013-05-23,7.69
2013-05-24,7.73
2013-05-27,7.68
2013-05-28,7.84
2013-05-29,7.76
2013-05-30,7.72
2013-05-31,7.67
2013-06-03,7.74
2013-06-04,7.56
2013-06-05,7.5
2013-06-06,7.47
2013-06-07,7.34
2013-06-13,7.05
2013-06-14,7.04
2013-06-17,6.93
2013-06-18,6.87
2013-06-19,6.86
2013-06-20,6.6
2013-06-21,6.61
2013-06-24,6.02
2013-06-25,5.91
2013-06-26,5.83
2013-06-27,5.73
2013-06-28,5.73
2013-07-01,5.7
2013-07-02,5.65
2013-07-03,5.68
2013-07-04,6.25
2013-07-05,6.3
2013-07-08,5.9
2013-07-09,6.09
2013-07-10,6.35
2013-07-11,6.5
2013-07-12,6.25
2013-07-15,6.31
2013-07-16,6.28
2013-07-17,6.25
2013-07-18,6.0
2013-07-19,5.75
2013-07-22,5.86
2013-07-23,6.06
2013-07-24,5.95
2013-07-25,5.99
2013-07-26,5.88
2013-07-29,5.7
2013-07-30,5.92
2013-07-31,6.03
2013-08-01,6.44
2013-08-02,7.08
2013-08-05,6.78
2013-08-06,6.73
2013-08-07,6.73
2013-08-08,6.64
2013-08-09,6.73
2013-08-12,7.27
2013-08-13,7.07
2013-08-14,6.97
2013-08-15,6.85
2013-08-16,6.73
2013-08-19,6.85
2013-08-20,6.71
2013-08-21,6.83
2013-08-22,6.67
2013-08-23,6.56
2013-08-26,6.7
2013-08-27,6.71
2013-08-28,6.78
2013-08-29,6.58
2013-08-30,6.48
2013-09-02,6.57
2013-09-03,6.65
2013-09-04,6.68
2013-09-05,6.55
2013-09-06,6.54
2013-09-09,6.68
2013-09-10,6.88
2013-09-11,6.94
2013-09-12,6.88
2013-09-13,6.75
2013-09-16,6.66
2013-09-17,6.5
2013-09-18,6.56
2013-09-23,6.66
2013-09-24,6.56
2013-09-25,6.51
2013-09-26,6.32
2013-09-27,6.41
2013-09-30,6.41
2013-10-08,6.45
2013-10-09,6.41
2013-10-10,6.41
2013-10-11,6.49
2013-10-14,6.55
2013-10-15,6.58
2013-10-16,6.45
2013-10-17,6.6
2013-10-18,6.54
2013-10-21,6.62
2013-10-22,6.73
2013-10-23,6.63
2013-10-24,6.42
2013-10-25,6.27
2013-10-28,6.08
2013-10-29,5.94
2013-10-30,6.03
2013-10-31,5.95
2013-11-01,6.0
2013-11-04,6.03
2013-11-05,6.01
2013-11-06,6.05
2013-11-07,6.03
2013-11-08,5.88
2013-11-11,5.87
2013-11-12,5.97
2013-11-13,5.85
2013-11-14,5.92
2013-11-15,6.0
2013-11-18,6.14
2013-11-19,6.07
2013-11-20,6.1
2013-11-21,6.39
2013-11-22,6.3
2013-11-25,6.23
2013-11-26,6.18
2013-11-27,6.28
2013-11-28,6.31
2013-11-29,6.26
2013-12-02,6.08
2013-12-03,6.14
2013-12-04,6.23
2013-12-05,6.24
2013-12-06,6.22
2013-12-09,6.23
2013-12-10,6.22
2013-12-11,6.09
2013-12-12,6.06
2013-12-13,6.07
2013-12-16,5.88
2013-12-17,5.89
2013-12-18,5.87
2013-12-19,5.85
2013-12-20,5.68
2013-12-23,5.65
2013-12-24,5.8
2013-12-25,5.76
2013-12-26,5.8
2013-12-27,5.81
2013-12-30,5.73
2013-12-31,5.78
2014-01-02,5.58
2014-01-03,5.56
2014-01-06,5.34
2014-01-07,5.24
2014-01-08,5.14
2014-01-09,5.05
2014-01-10,5.0
2014-01-13,5.02
2014-01-14,5.04
2014-01-15,4.96
2014-01-16,5.01
2014-01-17,4.9
2014-01-20,4.86
2014-01-21,4.92
2014-01-22,5.04
2014-01-23,5.01
2014-01-24,5.05
2014-01-27,5.02
2014-01-28,4.98
2014-01-29,4.85
2014-01-30,4.79
2014-02-07,4.76
2014-02-10,4.86
2014-02-11,5.02
2014-02-12,4.96
2014-02-13,4.96
2014-02-14,4.96
2014-02-17,5.03
2014-02-18,4.96
2014-02-19,4.98
2014-02-20,4.98
2014-02-21,4.88
2014-02-24,4.69
2014-02-25,4.54
2014-02-26,4.57
2014-02-27,4.44
2014-02-28,4.44
2014-03-03,4.47
2014-03-04,4.46
2014-03-05,4.49
2014-03-06,4.42
2014-03-07,4.4
2014-03-10,4.18
2014-03-11,4.23
2014-03-12,4.26
2014-03-13,4.33
2014-03-14,4.26
2014-03-17,4.32
2014-03-18,4.28
2014-03-19,4.3
2014-03-20,4.28
2014-03-21,4.47
2014-03-24,4.47
2014-03-25,4.47
2014-03-26,4.44
2014-03-27,4.39
2014-03-28,4.33
2014-03-31,4.29
2014-04-01,4.33
2014-04-02,4.42
2014-04-03,4.37
2014-04-04,4.38
2014-04-08,4.44
2014-04-09,4.43
2014-04-10,4.66
2014-04-11,4.57
2014-04-14,4.55
2014-04-15,4.46
2014-04-16,4.46
2014-04-17,4.42
2014-04-18,4.41
2014-04-21,4.31
2014-04-22,4.3
2014-04-23,4.29
2014-04-24,4.29
2014-04-25,4.19
2014-04-28,4.09
2014-04-29,4.5
2014-04-30,4.79
2014-05-05,5.04
2014-05-07,4.83
2014-05-08,5.31
2014-05-09,5.64
2014-05-12,6.2
2014-05-13,6.29
2014-05-14,6.21
2014-05-15,5.74
2014-05-16,5.91
2014-05-19,5.89
2014-05-20,5.64
2014-05-21,6.2
2014-05-22,6.12
2014-05-23,5.94
2014-05-26,5.92
2014-05-27,5.82
2014-05-28,6.02
2014-05-29,5.92
2014-05-30,5.98
2014-06-03,6.17
2014-06-04,6.39
2014-06-05,6.33
2014-06-06,6.17
2014-06-09,5.92
2014-06-10,6.02
2014-06-11,6.0
2014-06-12,5.92
2014-06-13,5.95
2014-06-16,5.97
2014-06-17,6.0
2014-06-18,5.88
2014-06-19,5.47
2014-06-20,5.44
2014-06-23,5.54
2014-06-24,5.52
2014-06-25,5.56
2014-06-26,5.54
2014-06-27,5.5
2014-06-30,5.47
2014-07-01,5.56
2014-07-02,5.79
2014-07-03,5.74
2014-07-04,5.54
2014-07-07,5.46
2014-07-08,5.42
2014-07-09,5.23
2014-07-10,5.22
2014-07-11,5.24
2014-07-14,5.36
2014-07-15,5.39
2014-07-16,5.33
2014-07-17,5.29
2014-07-18,5.34
2014-07-21,5.28
2014-07-22,5.39
2014-07-23,5.5
2014-07-24,5.75
2014-07-25,5.82
2014-07-28,6.16
2014-07-29,6.1
2014-07-30,6.1
2014-07-31,6.17
2014-08-01,6.29
2014-08-04,6.51
2014-08-05,6.45
2014-08-06,6.36
2014-08-07,6.24
2014-08-08,6.2
2014-08-11,6.29
2014-08-12,6.25
2014-08-13,6.5
2014-08-14,6.23
2014-08-15,6.3
2014-08-18,6.32
2014-08-19,6.41
2014-08-20,6.33
2014-08-21,6.27
2014-08-22,6.22
2014-08-25,6.1
2014-08-26,6.06
2014-08-27,6.12
2014-08-28,6.04
2014-08-29,6.01
2014-09-01,6.05
2014-09-02,6.2
2014-09-03,6.34
2014-09-04,6.35
2014-09-05,6.42
2014-09-09,6.47
2014-09-10,6.34
2014-09-11,6.27
2014-09-12,6.35
2014-09-15,6.66
2014-09-16,6.4
2014-09-17,6.4
2014-09-18,6.53
2014-09-19,6.86
2014-09-22,6.71
2014-09-23,6.76
2014-09-24,6.99
2014-09-25,6.9
2014-09-26,6.92
2014-09-29,7.11
2014-09-30,7.36
2014-10-08,7.39
2014-10-09,7.5
2014-10-10,7.75
2014-10-13,8.53
2014-10-14,8.97
2014-10-15,8.71
2014-10-16,8.19
2014-10-17,8.08
2014-10-20,8.27
2014-10-21,7.83
2014-10-22,7.77
2014-10-23,7.84
2014-10-24,7.71
2014-10-27,7.51
2014-10-28,7.91
2014-10-29,8.1
2014-10-30,8.16
2014-10-31,8.28
2014-11-03,8.17
2014-11-04,8.14
2014-11-05,7.83
2014-11-06,7.77
2014-11-07,7.73
2014-11-10,7.87
2014-11-11,8.01
2014-11-12,8.2
2014-11-13,8.17
2014-11-14,8.14
2014-11-17,7.84
2014-11-18,7.65
2014-11-19,7.69
2014-11-20,7.73
2014-11-21,7.7
2014-11-24,7.95
2014-11-25,8.24
2014-11-26,8.3
2014-11-27,8.54
2014-11-28,8.59
2014-12-01,8.88
2014-12-02,8.92
2014-12-03,9.1
2014-12-04,9.99
2014-12-05,9.32
2014-12-08,9.34
2014-12-09,8.57
2014-12-10,8.74
2014-12-11,8.79
2014-12-12,8.77
2014-12-15,8.69
2014-12-16,9.26
2014-12-17,9.03
2014-12-18,8.98
2014-12-19,9.18
2014-12-22,9.52
2014-12-23,8.86
2014-12-24,8.57
2014-12-25,8.78
2014-12-26,8.9
2014-12-29,8.77
2014-12-30,8.53
2014-12-31,8.67
2015-01-05,9.54
2015-01-06,9.43
2015-01-07,9.36
2015-01-08,9.16
2015-01-09,9.03
2015-01-12,8.68
2015-01-13,8.72
2015-01-14,8.56
2015-01-15,8.81
2015-01-16,8.79
2015-01-19,7.91
2015-01-20,8.03
2015-01-21,8.32
2015-01-22,8.39
2015-01-23,8.35
2015-01-26,8.42
2015-01-27,8.28
2015-01-28,8.15
2015-01-29,8.17
2015-01-30,8.08
2015-02-02,7.91
2015-02-03,8.09
2015-02-04,8.06
2015-02-05,7.85
2015-02-06,7.52
2015-02-09,7.5
2015-02-10,7.59
2015-02-11,7.57
2015-02-12,7.55
2015-02-13,7.76
2015-02-16,7.81
2015-02-17,7.8
2015-02-25,7.77
2015-02-26,8.02
2015-02-27,8.01
2015-03-02,8.21
2015-03-03,8.05
2015-03-04,8.02
2015-03-05,7.82
2015-03-06,7.92
2015-03-09,7.94
2015-03-10,7.97
2015-03-11,8.03
2015-03-12,8.16
2015-03-13,8.44
2015-03-16,8.54
2015-03-17,8.6
2015-03-18,8.76
2015-03-19,8.84
2015-03-20,8.7
2015-03-23,8.88
2015-03-24,8.78
2015-03-25,8.64
2015-03-26,8.74
2015-03-27,8.95
2015-03-30,9.18
2015-03-31,8.93
2015-04-01,9.05
2015-04-02,9.16
2015-04-03,9.14
2015-04-07,9.44
2015-04-08,9.28
2015-04-09,9.66
2015-04-10,9.72
2015-04-13,9.77
2015-04-14,9.78
2015-04-15,9.24
2015-04-16,9.38
2015-04-17,9.62
2015-04-20,9.37
2015-04-21,9.67
2015-04-22,10.04
2015-04-23,10.77
2015-04-24,10.45
2015-04-27,10.63
2015-04-28,10.1
2015-04-29,10.44
2015-04-30,10.01
2015-05-04,9.86
2015-05-05,9.3
2015-05-06,8.98
2015-05-07,8.9
2015-05-08,9.13
2015-05-11,9.34
2015-05-12,9.24
2015-05-13,9.16
2015-05-14,9.15
2015-05-15,8.83
2015-05-18,8.88
2015-05-19,9.08
2015-05-20,9.02
2015-05-21,9.18
2015-05-22,9.39
2015-05-25,9.63
2015-05-26,10.01
2015-05-27,11.01
2015-05-28,10.11
2015-05-29,10.51
2015-06-01,11.56
2015-06-02,12.18
2015-06-03,11.8
2015-06-04,12.16
2015-06-05,12.03
2015-06-08,11.88
2015-06-09,12.17
2015-06-10,11.87
2015-06-11,11.6
2015-06-12,11.71
2015-06-15,11.6
2015-06-16,11.14
2015-06-17,11.32
2015-06-18,10.93
2015-06-19,9.89
2015-06-23,10.1
2015-06-24,10.6
2015-06-25,9.99
2015-06-26,8.99
2015-06-29,8.74
2015-06-30,9.24
2015-07-01,8.45
2015-07-02,7.62
2015-07-03,6.86
2015-07-06,6.61
2015-07-07,5.95
2015-07-08,5.77
2015-07-09,6.35
2015-07-10,6.99
2015-07-13,7.69
2015-07-14,7.18
2015-07-15,6.46
2015-07-16,6.6
2015-07-17,6.98
2015-07-20,7.29
2015-07-21,7.19
2015-07-22,7.21
2015-07-23,7.39
2015-07-24,8.12
2015-07-27,7.31
2015-07-28,6.63
2015-07-29,6.98
2015-07-30,6.71
2015-07-31,6.64
2015-08-03,6.99
2015-08-04,7.25
2015-08-05,6.99
2015-08-06,7.07
2015-08-07,7.24
2015-08-10,7.52
2015-08-11,7.53
2015-08-12,7.54
2015-08-13,7.77
2015-08-14,8.29
2015-08-17,8.15
2015-08-18,7.34
2015-08-19,7.52
2015-08-20,7.39
2015-08-21,6.68
2015-08-24,6.01
2015-08-25,5.41
2015-08-26,5.25
2015-08-27,5.5
2015-08-28,5.86
2015-08-31,5.64
2015-09-01,5.5
2015-09-02,5.3
2015-09-07,5.41
2015-09-08,5.6
2015-09-09,5.89
2015-09-10,5.68
2015-09-11,5.75
2015-09-14,5.21
2015-09-15,5.05
2015-09-16,5.43
2015-09-17,5.25
2015-09-18,5.29
2015-09-21,5.45
2015-09-22,6.0
2015-09-23,5.68
2015-09-24,5.82
2015-09-25,5.67
2015-09-28,5.6
2015-09-29,5.39
2015-09-30,5.4
2015-10-08,5.58
2015-10-09,5.77
2015-10-12,5.96
2015-10-13,5.94
2015-10-14,5.82
2015-10-15,5.94
2015-10-16,6.09
2015-10-19,5.98
2015-10-20,6.14
2015-10-21,5.58
2015-10-22,5.78
2015-10-23,5.89
2015-10-26,5.88
2015-10-27,5.76
2015-10-28,5.68
2015-10-29,5.71
2015-10-30,5.59
2015-11-02,5.49
2015-11-03,5.51
2015-11-04,5.76
2015-11-05,5.96
2015-11-06,6.06
2015-11-09,6.13
2015-11-10,6.24
2015-11-11,6.38
2015-11-12,6.27
2015-11-13,6.04
2015-11-16,6.13
2015-11-17,6.16
2015-11-18,6.06
2015-11-19,6.11
2015-11-20,6.06
2015-11-23,5.98
2015-11-24,5.93
2015-11-25,5.97
2015-11-26,6.07
2015-11-27,5.59
2015-11-30,5.49
2015-12-01,5.56
2015-12-02,5.7
2015-12-03,5.72
2015-12-04,5.63
2015-12-07,5.65
2015-12-08,5.43
2015-12-09,5.42
2015-12-10,5.39
2015-12-11,5.38
2015-12-14,5.59
2015-12-15,5.52
2015-12-16,5.53
2015-12-17,5.62
2015-12-18,5.63
2015-12-21,5.72
2015-12-22,5.74
2015-12-23,5.65
2015-12-24,5.58
2015-12-25,5.7
2015-12-28,5.5
2015-12-29,5.58
2015-12-30,5.58
2015-12-31,5.55
2016-01-04,5.15
2016-01-05,5.25
2016-01-06,5.78
2016-01-07,5.75
2016-01-08,6.33
2016-01-11,6.02
2016-01-12,5.79
2016-01-13,6.37
2016-01-14,6.78
2016-01-15,6.48
2016-01-18,6.37
2016-01-19,6.44
2016-01-20,6.08
2016-01-21,5.77
2016-01-22,5.89
2016-01-25,6.16
2016-01-26,5.54
2016-01-27,5.73
2016-01-28,5.22
2016-01-29,5.2
2016-02-01,4.69
2016-02-02,4.74
2016-02-03,4.65
2016-02-04,4.76
2016-02-05,4.69
2016-02-15,4.91
2016-02-16,5.08
2016-02-17,5.1
2016-02-18,5.14
2016-02-19,5.14
2016-02-22,5.47
2016-02-23,5.4
2016-02-24,5.39
2016-02-25,4.85
2016-06-08,5.26
2016-06-13,4.76
2016-06-14,4.67
2016-06-15,4.77
2016-06-16,4.69
2016-06-17,5.09
2016-06-20,4.99
2016-06-21,5.04
2016-06-22,5.3
2016-06-23,5.29
2016-06-24,5.18
2016-06-27,5.5
2016-06-28,5.52
2016-06-29,5.46
2016-06-30,5.37
2016-07-01,5.4
2016-07-04,5.65
2016-07-05,5.68
2016-07-06,5.73
2016-07-07,5.78
2016-07-08,5.67
2016-07-11,5.87
2016-07-12,6.36
2016-07-13,6.41
2016-07-14,6.35
2016-07-15,6.27
2016-07-18,6.11
2016-07-19,6.21
2016-07-20,6.01
2016-07-21,6.03
2016-07-22,5.93
2016-07-25,5.98
2016-07-26,6.18
2016-07-27,5.87
2016-07-28,5.95
2016-07-29,5.84
2016-08-01,5.83
2016-08-02,5.84
2016-08-03,5.9
2016-08-04,5.89
2016-08-05,5.84
2016-08-08,6.42
2016-08-09,6.53
2016-08-10,6.85
2016-08-11,6.9
2016-08-12,6.93
2016-08-15,7.04
2016-08-16,7.4
2016-08-17,7.32
2016-08-18,7.36
2016-08-19,7.21
2016-08-22,7.28
2016-08-23,7.13
2016-08-24,6.95
2016-08-25,6.91
2016-08-26,6.85
2016-08-29,6.99
2016-08-30,7.02
2016-08-31,7.03
2016-09-01,6.69
2016-09-02,6.78
2016-09-05,7.06
2016-09-06,7.09
2016-09-07,6.93
2016-09-08,7.05
2016-09-09,6.86
2016-09-12,6.45
2016-09-13,6.52
2016-09-14,6.39
2016-09-19,6.51
2016-09-20,6.7
2016-09-21,6.68
2016-09-22,6.66
2016-09-23,6.66
2016-09-26,6.74
2016-09-27,6.8
2016-09-28,6.86
2016-09-29,7.02
2016-09-30,7.21
2016-10-10,7.29
2016-10-11,7.29
2016-10-12,7.17
2016-10-13,7.16
2016-10-14,7.18
2016-10-17,7.2
2016-10-18,7.26
2016-10-19,7.28
2016-10-20,7.2
2016-10-21,7.13
2016-10-24,7.58
2016-10-25,7.93
2016-10-26,7.63
2016-10-27,7.68
2016-10-28,7.77
2016-10-31,7.64
2016-11-01,7.56
2016-11-02,7.44
2016-11-03,7.48
2016-11-04,7.55
2016-11-07,7.69
2016-11-08,7.48
2016-11-09,7.46
2016-11-10,7.5
2016-11-11,7.65
2016-11-14,7.85
2016-11-15,7.62
2016-11-16,7.59
2016-11-17,7.54
2016-11-18,7.29
2016-11-21,7.15
2016-11-22,7.2
2016-11-23,7.04
2016-11-24,7.05
2016-11-25,7.03
2016-11-28,7.09
2016-11-29,6.88
2016-11-30,6.72
2016-12-01,6.76
2016-12-02,6.66
2016-12-05,6.74
2016-12-06,6.7
2016-12-07,6.89
2016-12-08,6.79
2016-12-09,6.73
2016-12-12,6.33
2016-12-13,6.35
2016-12-14,6.28
2016-12-15,6.29
2016-12-16,6.29
2016-12-19,6.34
2016-12-20,6.32
2016-12-21,6.36
2016-12-22,6.29
2016-12-23,6.18
2016-12-26,6.07
2016-12-27,6.08
2016-12-28,6.07
2016-12-29,6.08
2016-12-30,6.11
2017-01-03,6.21
2017-01-04,6.29
2017-01-05,6.31
2017-01-06,6.25
2017-01-09,6.27
2017-01-10,6.36
2017-01-11,6.33
2017-01-12,6.21
2017-01-13,6.1
2017-01-16,5.97
2017-01-17,5.91
2017-01-18,5.92
2017-01-19,5.88
2017-01-20,5.96
2017-01-23,6.05
2017-01-24,6.09
2017-01-25,6.07
2017-01-26,6.16
2017-02-03,6.09
2017-02-06,6.1
2017-02-07,6.13
2017-02-08,6.3
2017-02-09,6.28
2017-02-10,6.41
2017-02-13,6.63
2017-02-14,6.62
2017-02-15,6.42
2017-02-16,6.59
2017-02-17,6.5
2017-02-20,6.62
2017-02-21,6.74
2017-02-22,6.68
2017-02-23,6.55
2017-02-24,6.48
2017-02-27,6.45
2017-02-28,6.53
2017-03-01,6.56
2017-03-02,6.47
2017-03-03,6.34
2017-03-06,6.53
2017-03-07,6.44
2017-03-08,6.4
2017-03-09,6.22
2017-03-10,6.22
2017-03-13,6.33
2017-03-14,6.27
2017-03-15,6.31
2017-03-16,6.39
2017-03-17,6.24
2017-03-20,6.4
2017-03-21,6.33
2017-03-22,6.19
2017-03-23,6.16
2017-03-24,6.2
2017-03-27,6.11
2017-03-28,6.07
2017-03-29,6.11
2017-03-30,6.08
2017-03-31,6.15
2017-04-05,6.33
2017-04-06,6.28
2017-04-07,6.26
2017-04-10,6.19
2017-04-11,6.16
2017-04-12,6.07
2017-04-13,6.12
2017-04-14,6.11
2017-04-17,6.07
2017-04-18,5.94
2017-04-19,5.7
2017-04-20,5.64
2017-04-21,5.7
2017-04-24,5.55
2017-04-25,5.51
2017-04-26,5.54
2017-04-27,5.53
2017-04-28,5.37
2017-05-02,5.34
2017-05-03,5.23
2017-05-04,5.11
2017-05-05,4.97
2017-05-08,4.88
2017-05-09,4.96
2017-05-10,4.79
2017-05-11,4.79
2017-05-12,4.77
2017-05-15,4.8
2017-05-16,4.89
2017-05-17,4.91
2017-05-18,4.93
2017-05-19,4.91
2017-05-22,4.81
2017-05-23,4.8
2017-05-24,4.77
2017-05-25,5.16
2017-05-26,5.01
2017-05-31,5.04
2017-06-01,4.97
2017-06-02,5.08
2017-06-05,5.08
2017-06-06,5.1
2017-06-07,5.17
2017-06-08,5.13
2017-06-09,5.11
2017-06-12,5.02
2017-06-13,5.16
2017-06-14,5.14
2017-06-15,5.18
2017-06-16,5.18
2017-06-19,5.31
2017-06-20,5.28
2017-06-21,5.25
2017-07-21,5.78
2017-07-24,6.36
2017-07-25,6.81
2017-07-26,6.59
2017-07-27,6.33
2017-07-28,6.37
2017-07-31,6.59
2017-08-01,6.32
2017-08-02,6.44
2017-08-03,6.56
2017-08-04,6.48
2017-08-07,6.63
2017-08-08,6.73
2017-08-09,7.1
2017-08-10,6.83
2017-08-11,6.36
2017-08-14,6.49
2017-08-15,6.47
2017-08-16,6.35
2017-08-17,6.53
2017-08-18,6.46
2017-08-21,6.51
2017-08-22,6.42
2017-08-23,6.19
2017-08-24,6.15
2017-08-25,6.44
2017-08-28,6.59
2017-08-29,6.5
2017-08-30,7.15
2017-08-31,7.56
2017-09-01,7.8
2017-09-04,7.64
2017-09-05,7.62
2017-09-06,7.58
2017-09-07,7.4
2017-09-08,7.59
2017-09-11,7.78
2017-09-12,7.75
2017-09-13,7.82
2017-09-14,7.6
2017-09-15,7.32
2017-09-18,7.44
2017-09-19,7.43
2017-09-20,7.68
2017-09-21,7.3
2017-09-22,7.26
2017-09-25,7.13
2017-09-26,7.49
2017-09-27,7.52
2017-09-28,7.5
2017-09-29,7.49
2017-10-09,7.46
2017-10-10,7.25
2017-10-11,7.2
2017-10-12,7.04
2017-10-13,7.1
2017-10-16,7.02
2017-10-17,6.9
2017-10-18,6.67
2017-10-19,6.69
2017-10-20,6.77
2017-10-23,6.77
2017-10-24,6.76
2017-10-25,6.81
2017-10-26,6.89
2017-10-27,6.7
2017-10-30,6.46
2017-10-31,6.28
2017-11-01,6.2
2017-11-02,6.05
2017-11-03,5.91
2017-11-06,6.0
2017-11-07,6.12
2017-11-08,6.09
2017-11-09,6.24
2017-11-10,6.11
2017-11-13,6.2
2017-11-14,6.24
2017-11-15,6.1
2017-11-16,6.0
2017-11-17,5.71
2017-11-20,5.91
2017-11-21,5.99
2017-11-22,6.1
2017-11-23,5.98
2017-11-24,6.09
2017-11-27,6.09
2017-11-28,6.22
2017-11-29,6.37
2017-11-30,6.33
2017-12-01,6.28
2017-12-04,6.19
2017-12-05,5.94
2017-12-06,6.06
2017-12-07,5.92
2017-12-08,5.99
2017-12-11,6.0
2017-12-12,5.87
2017-12-13,5.91
2017-12-14,5.85
2017-12-15,5.75
2017-12-18,6.03
2017-12-19,5.99
2017-12-20,5.91
2017-12-21,5.88
2017-12-22,5.9
2017-12-25,5.76
2017-12-26,5.79
2017-12-27,5.89
2017-12-28,6.05
2017-12-29,6.05
2018-01-02,6.3
2018-01-03,6.29
2018-01-04,6.48
2018-01-05,6.4
2018-01-08,6.69
2018-01-09,6.68
2018-01-10,6.56
2018-01-11,6.48
2018-01-12,6.41
2018-01-15,6.13
2018-01-16,6.26
2018-01-17,6.44
2018-01-18,6.47
2018-01-19,6.55
2018-01-22,6.62
2018-01-23,6.59
2018-01-24,6.5
2018-01-25,6.54
2018-01-26,6.5
2018-01-29,6.94
2018-01-30,6.98
2018-01-31,7.02
2018-02-01,6.77
2018-02-02,7.24
2018-02-05,7.3
2018-02-06,6.72
2018-02-07,6.84
2018-02-08,6.6
2018-02-09,5.94
2018-02-12,5.95
2018-02-13,5.87
2018-02-14,5.99
2018-02-22,6.13
2018-02-23,6.2
2018-02-26,6.28
2018-02-27,6.06
2018-02-28,6.08
2018-03-01,6.05
2018-03-02,5.95
2018-03-05,5.9
2018-03-06,6.12
2018-03-07,5.97
2018-03-08,6.0
2018-03-09,6.01
2018-03-12,6.08
2018-03-13,6.01
2018-03-14,6.05
2018-03-15,6.11
2018-03-16,5.94
2018-03-19,5.72
2018-03-20,5.72
2018-03-21,5.63
2018-03-22,5.64
2018-03-23,5.21
2018-03-26,5.2
2018-03-27,5.27
2018-03-28,5.19
2018-03-29,5.31
2018-03-30,5.33
2018-04-02,5.29
2018-04-03,5.31
2018-04-04,5.26
2018-04-09,5.27
2018-04-10,5.39
2018-04-11,5.39
2018-04-12,5.36
2018-04-13,5.44
2018-04-16,5.27
2018-04-17,5.25
2018-04-18,5.31
2018-04-19,5.4
2018-04-20,5.25
2018-04-23,5.3
2018-04-24,5.39
2018-04-25,5.33
2018-04-26,5.28
2018-04-27,5.34
2018-05-02,5.29
2018-05-03,5.31
2018-05-04,5.29
2018-05-07,5.39
2018-05-08,5.39
2018-05-09,5.46
2018-05-10,5.51
2018-05-11,5.56
2018-05-14,5.5
2018-05-15,5.52
2018-05-16,5.48
2018-05-17,5.51
2018-05-18,5.71
2018-05-21,5.69
2018-05-22,5.68
2018-05-23,5.49
2018-05-24,5.46
2018-05-25,5.33
2018-05-28,5.36
2018-05-29,5.4
2018-05-30,5.13
2018-05-31,5.17
2018-06-01,5.17
2018-06-04,5.18
2018-06-05,5.2
2018-06-06,5.21
2018-06-07,5.22
2018-06-08,5.06
2018-06-11,5.03
2018-06-12,5.12
2018-06-13,5.08
2018-06-14,5.16
2018-06-15,5.29
2018-06-19,4.98
2018-06-20,5.07
2018-06-21,5.06
2018-06-22,5.09
2018-06-25,5.05
2018-06-26,5.03
2018-06-27,4.95
2018-06-28,4.9
2018-06-29,4.96
2018-07-02,4.78
2018-07-03,4.83
2018-07-04,4.83
2018-07-05,4.63
2018-07-06,4.58
2018-07-09,4.68
2018-07-10,4.72
2018-07-11,4.61
2018-07-12,4.72
2018-07-13,4.73
2018-07-16,5.0
2018-07-17,5.0
2018-07-18,4.93
2018-07-19,4.98
2018-07-20,5.0
2018-07-23,5.1
2018-07-24,5.15
2018-07-25,5.16
2018-07-26,5.1
2018-07-27,5.11
2018-07-30,5.12
2018-07-31,5.08
2018-08-01,5.02
2018-08-02,4.85
2018-08-03,4.97
2018-08-06,5.01
2018-08-07,5.14
2018-08-08,5.15
2018-08-09,5.19
2018-08-10,5.13
2018-08-13,5.15
2018-08-14,5.19
2018-08-15,5.06
2018-08-16,5.04
2018-08-17,5.04
2018-08-20,5.02
2018-08-21,5.07
2018-08-22,5.11
2018-08-23,5.03
2018-08-24,4.92
2018-08-27,5.03
2018-08-28,5.14
2018-08-29,5.18
2018-08-30,4.78
2018-08-31,4.68
2018-09-03,4.72
2018-09-04,4.76
2018-09-05,4.69
2018-09-06,4.71
2018-09-07,4.74
2018-09-10,4.73
2018-09-11,4.67
2018-09-12,4.7
2018-09-13,4.73
2018-09-14,4.77
2018-09-17,4.68
2018-09-18,4.8
2018-09-19,4.83
2018-09-20,4.86
2018-09-21,4.95
2018-09-25,4.91
2018-09-26,4.91
2018-09-27,4.92
2018-09-28,4.96
2018-10-08,4.93
2018-10-09,5.01
2018-10-10,5.03
2018-10-11,4.78
2018-10-12,4.9
2018-10-15,4.91
2018-10-16,4.84
2018-10-17,4.85
2018-10-18,4.54
2018-10-19,4.6
2018-10-22,4.79
2018-10-23,4.79
2018-10-24,4.84
2018-10-25,4.89
2018-10-26,4.98
2018-10-29,4.81
2018-10-30,4.87
2018-10-31,4.95
2018-11-01,4.9
2018-11-02,4.95
2018-11-05,4.91
2018-11-06,4.88
2018-11-07,4.84
2018-11-08,4.8
2018-11-09,4.75
2018-11-12,4.84
2018-11-13,4.92
2018-11-14,4.9
2018-11-15,4.94
2018-11-16,4.96
2018-11-19,4.99
2018-11-20,4.84
2018-11-21,4.77
2018-11-22,4.73
2018-11-23,4.6
2018-11-26,4.58
2018-11-27,4.58
2018-11-28,4.63
2018-11-29,4.54
2018-11-30,4.58
2018-12-03,4.68
2018-12-04,4.72
2018-12-05,4.68
2018-12-06,4.62
2018-12-07,4.7
2018-12-10,4.59
2018-12-11,4.58
2018-12-12,4.57
2018-12-13,4.62
2018-12-14,4.55
2018-12-17,4.55
2018-12-18,4.48
2018-12-19,4.42
2018-12-20,4.43
2018-12-21,4.42
2018-12-24,4.46
2018-12-25,4.39
2018-12-26,4.37
2018-12-27,4.33
2018-12-28,4.27
2019-01-02,4.2
2019-01-03,4.18
2019-01-04,4.28
2019-01-07,4.35
2019-01-08,4.3
2019-01-09,4.31
2019-01-10,4.26
2019-01-11,4.28
2019-01-14,4.3
2019-01-15,4.33
2019-01-16,4.36
2019-01-17,4.41
2019-01-18,4.44
2019-01-21,4.47
2019-01-22,4.35
2019-01-23,4.35
2019-01-24,4.34
2019-01-25,4.32
2019-01-28,4.23
2019-01-29,4.21
2019-01-30,4.2
2019-01-31,4.18
2019-02-01,4.27
2019-02-11,4.31
2019-02-12,4.35
2019-02-13,4.39
2019-02-14,4.37
2019-02-15,4.34
2019-02-18,4.45
2019-02-19,4.41
2019-02-20,4.45
2019-02-21,4.41
2019-02-22,4.47
2019-02-25,4.7
2019-02-26,4.84
2019-02-27,4.8
2019-02-28,4.77
2019-03-01,4.82
2019-03-04,4.84
2019-03-05,4.88
2019-03-06,4.98
2019-03-07,5.08
2019-03-08,4.76
2019-03-11,4.86
2019-03-12,4.89
2019-03-13,4.78
2019-03-14,4.72
2019-03-15,4.78
2019-03-18,4.93
2019-03-19,4.9
2019-03-20,4.96
2019-03-21,4.99
2019-03-22,4.96
2019-03-25,4.91
2019-03-26,4.78
2019-03-27,4.81
2019-03-28,4.75
2019-03-29,4.99
2019-04-01,5.11
2019-04-02,5.09
2019-04-03,5.26
2019-04-04,5.26
2019-04-08,5.36
2019-04-09,5.24
2019-04-10,5.17
2019-04-11,5.13
2019-04-12,5.11
2019-04-15,5.14
2019-04-16,5.28
2019-04-17,5.28
2019-04-18,5.18
2019-04-19,5.7
2019-04-22,5.56
2019-04-23,5.76
2019-04-24,5.73
2019-04-25,5.42
2019-04-26,5.17
2019-04-29,4.93
2019-04-30,5.02
2019-05-06,4.64
2019-05-07,4.7
2019-05-08,4.62
2019-05-09,4.58
2019-05-10,4.72
2019-05-13,4.65
2019-05-14,4.59
2019-05-15,4.66
2019-05-16,4.75
2019-05-17,4.57
2019-05-20,4.54
2019-05-21,4.62
2019-05-22,4.58
2019-05-23,4.69
2019-05-24,4.59
2019-05-27,4.65
2019-05-28,4.68
2019-05-29,4.69
2019-05-30,4.68
2019-05-31,4.6
2019-06-03,4.5
2019-06-04,4.45
2019-06-05,4.47
2019-06-06,4.4
2019-06-10,4.43
2019-06-11,4.56
2019-06-12,4.52
2019-06-13,4.52
2019-06-14,4.5
2019-06-17,4.51
2019-06-18,4.51
2019-06-19,4.53
2019-06-20,4.62
2019-06-21,4.66
2019-06-24,4.68
2019-06-25,4.62
2019-06-26,4.65
2019-06-27,4.64
2019-06-28,4.57
2019-07-01,4.66
2019-07-02,4.65
2019-07-03,4.64
2019-07-04,4.64
2019-07-05,4.65
2019-07-08,4.47
2019-07-09,4.48
2019-07-10,4.43
2019-07-11,4.44
2019-07-12,4.47
2019-07-15,4.52
2019-07-16,4.57
2019-07-17,4.55
2019-07-18,4.48
2019-07-19,4.53
2019-07-22,4.43
2019-07-23,4.47
2019-07-24,4.52
2019-07-25,4.57
2019-07-26,4.57
2019-07-29,4.55
2019-07-30,4.56
2019-07-31,4.51
2019-08-01,4.49
2019-08-02,4.43
2019-08-05,4.33
2019-08-06,4.21
2019-08-07,4.21
2019-08-08,4.23
2019-08-09,4.2
2019-08-12,4.24
2019-08-13,4.21
2019-08-14,4.23
2019-08-15,4.24
2019-08-16,4.21
2019-08-19,4.3
2019-08-20,4.32
2019-08-21,4.29
2019-08-22,4.34
2019-08-23,4.3
2019-08-26,4.27
2019-08-27,4.35
2019-08-28,4.33
2019-08-29,4.29
2019-08-30,4.26
2019-09-02,4.36
2019-09-03,4.35
2019-09-04,4.42
2019-09-05,4.43
2019-09-06,4.43
2019-09-09,4.45
2019-09-10,4.45
2019-09-11,4.44
2019-09-12,4.45
2019-09-16,4.45
2019-09-17,4.36
2019-09-18,4.34
2019-09-19,4.35
2019-09-20,4.34
2019-09-23,4.28
2019-09-24,4.27
2019-09-25,4.21
2019-09-26,4.2
2019-09-27,4.23
2019-09-30,4.2
2019-10-08,4.23
2019-10-09,4.25
2019-10-10,4.27
2019-10-11,4.29
2019-10-14,4.32
2019-10-15,4.29
2019-10-16,4.23
2019-10-17,4.24
2019-10-18,4.18
2019-10-21,4.18
2019-10-22,4.21
2019-10-23,4.19
2019-10-24,4.2
2019-10-25,4.23
2019-10-28,4.24
2019-10-29,4.2
2019-10-30,4.17
2019-10-31,4.16
2019-11-01,4.18
2019-11-04,4.16
2019-11-05,4.19
2019-11-06,4.25
2019-11-07,4.22
2019-11-08,4.19
2019-11-11,4.11
2019-11-12,4.13
2019-11-13,4.11
2019-11-14,4.13
2019-11-15,4.09
2019-11-18,4.12
2019-11-19,4.15
2019-11-20,4.19
2019-11-21,4.17
2019-11-22,4.22
2019-11-25,4.37
2019-11-26,4.26
2019-11-27,4.24
2019-11-28,4.22
2019-11-29,4.19
2019-12-02,4.15
2019-12-03,4.16
2019-12-04,4.14
2019-12-05,4.17
2019-12-06,4.17
2019-12-09,4.24
2019-12-10,4.22
2019-12-11,4.23
2019-12-12,4.19
2019-12-13,4.25
2019-12-16,4.27
2019-12-17,4.3
2019-12-18,4.27
2019-12-19,4.31
2019-12-20,4.27
2019-12-23,4.2
2019-12-24,4.25
2019-12-25,4.25
2019-12-26,4.27
2019-12-27,4.29
2019-12-30,4.35
2019-12-31,4.4
2020-01-02,4.4
2020-01-03,4.38
2020-01-06,4.42
2020-01-07,4.49
2020-01-08,4.39
2020-01-09,4.41
2020-01-10,4.38
2020-01-13,4.4
2020-01-14,4.39
2020-01-15,4.33
2020-01-16,4.32
2020-01-17,4.3
2020-01-20,4.3
2020-01-21,4.22
2020-01-22,4.25
2020-01-23,4.14
2020-02-03,3.73
2020-02-04,3.69
2020-02-05,3.74
2020-02-06,3.79
2020-02-07,3.76
2020-02-10,3.82
2020-02-11,3.85
2020-02-12,3.87
2020-02-13,3.81
2020-02-14,3.82
2020-02-17,3.91
2020-02-18,3.92
2020-02-19,3.91
2020-02-20,3.97
2020-02-21,3.97
2020-02-24,3.9
2020-02-25,3.82
2020-02-26,3.86
2020-02-27,3.86
2020-02-28,3.73
2020-03-02,3.86
2020-03-03,3.87
2020-03-04,3.97
2020-03-05,4.03
2020-03-06,3.96
2020-03-09,3.81
2020-03-10,3.85
2020-03-11,3.81
2020-03-12,3.75
2020-03-13,3.71
2020-03-16,3.62
2020-03-17,3.66
2020-03-18,3.57
2020-03-19,3.55
2020-03-20,3.6
2020-03-23,3.52
2020-03-24,3.61
2020-03-25,3.63
2020-03-26,3.58
2020-03-27,3.58
2020-03-30,3.55
2020-03-31,3.52
2020-04-01,3.51
2020-04-02,3.58
2020-04-03,3.52
2020-04-07,3.61
2020-04-08,3.64
2020-04-09,3.62
2020-04-10,3.57
2020-04-13,3.54
2020-04-14,3.59
2020-04-15,3.55
2020-04-16,3.57
2020-04-17,3.56
2020-04-20,3.61
2020-04-21,3.53
2020-04-22,3.56
2020-04-23,3.53
2020-04-24,3.54
2020-04-27,3.52
2020-04-28,3.39
2020-04-29,3.57
2020-04-30,3.67
2020-05-06,3.81
2020-05-07,3.78
2020-05-08,3.8
2020-05-11,3.86
2020-05-12,3.79
2020-05-13,3.77
2020-05-14,3.73
2020-05-15,3.73
2020-05-18,3.74
2020-05-19,3.86
2020-05-20,3.78
2020-05-21,3.8
2020-05-22,3.77
2020-05-25,3.94
2020-05-26,3.93
2020-05-27,3.93
2020-05-28,3.88
2020-05-29,3.87
2020-06-01,3.92
2020-06-02,3.92
2020-06-03,3.94
2020-06-04,3.89
2020-06-05,3.85
2020-06-08,3.93
2020-06-09,3.88
2020-06-10,3.79
2020-06-11,3.71
2020-06-12,3.73
2020-06-15,3.67
2020-06-16,3.8
2020-06-17,3.82
2020-06-18,4.04
2020-06-19,4.04
2020-06-22,3.98
2020-06-23,3.95
2020-06-24,3.91
2020-06-29,3.92
2020-06-30,3.92
2020-07-01,4.02
2020-07-02,4.27
2020-07-03,4.7
2020-07-06,5.17
2020-07-07,5.45
2020-07-08,5.64
2020-07-09,6.1
2020-07-10,5.69
2020-07-13,5.66
2020-07-14,5.7
2020-07-15,5.39
2020-07-16,5.12
2020-07-17,5.17
2020-07-20,5.48
2020-07-21,5.3
2020-07-22,5.33
2020-07-23,5.31
2020-07-24,5.3
2020-07-27,5.26
2020-07-28,5.38
2020-07-29,5.44
2020-07-30,5.35
2020-07-31,5.27
2020-08-03,5.41
2020-08-04,5.37
2020-08-05,5.25
2020-08-06,5.26
2020-08-07,5.1
2020-08-10,5.1
2020-08-11,4.94
2020-08-12,4.9
2020-08-13,5.01
2020-08-14,4.99
2020-08-17,5.24
2020-08-18,5.35
2020-08-19,5.34
2020-08-20,5.06
2020-08-21,5.11
2020-08-24,5.04
2020-08-25,4.96
2020-08-26,4.86
2020-08-27,4.91
2020-08-28,4.97
2020-08-31,4.88
2020-09-01,4.82
2020-09-02,4.77
2020-09-03,4.79
2020-09-04,4.71
2020-09-07,4.61
2020-09-08,4.82
2020-09-09,4.79
2020-09-10,4.72
2020-09-11,4.64
2020-09-14,4.54
2020-09-15,4.6
2020-09-16,4.62
2020-09-17,4.64
2020-09-18,4.88
2020-09-21,4.92
2020-09-22,4.76
2020-09-23,4.72
2020-09-24,4.56
2020-09-25,4.59
2020-09-28,4.85
2020-09-29,4.84
2020-09-30,4.76
2020-10-09,5.02
2020-10-12,5.11
2020-10-13,5.14
2020-10-14,5.04
2020-10-15,5.22
2020-10-16,5.43
2020-10-19,5.31
2020-10-20,5.23
2020-10-21,5.15
2020-10-22,5.14
2020-10-23,5.11
2020-10-26,4.83
2020-10-27,4.85
2020-10-28,4.78
2020-10-29,4.74
2020-10-30,4.69
2020-11-02,4.82
2020-11-03,4.92
2020-11-04,4.99
2020-11-05,4.96
2020-11-06,4.89
2020-11-09,5.08
2020-11-10,5.08
2020-11-11,5.28
2020-11-12,5.2
2020-11-13,5.1
2020-11-16,5.31
2020-11-17,5.32
2020-11-18,5.29
2020-11-19,5.3
2020-11-20,5.38
2020-11-23,5.92
2020-11-24,6.23
2020-11-25,6.04
2020-11-26,6.06
2020-11-27,5.93
2020-11-30,5.88
2020-12-01,6.04
2020-12-02,6.2
2020-12-03,5.77
2020-12-04,5.87
2020-12-07,5.79
2020-12-08,5.68
2020-12-09,5.8
2020-12-10,5.95
2020-12-11,5.74
2020-12-14,5.33
2020-12-15,5.32
2020-12-16,5.25
2020-12-17,5.52
2020-12-18,6.07
2020-12-21,6.18
2020-12-22,5.77
2020-12-23,6.05
2020-12-24,6.41
2020-12-25,6.27
2020-12-28,6.73
2020-12-29,6.28
2020-12-30,6.4
2020-12-31,6.3
2021-01-04,6.34
2021-01-05,6.1
2021-01-06,5.93
2021-01-07,5.9
2021-01-08,5.8
2021-01-11,5.54
2021-01-12,5.58
2021-01-13,5.49
2021-01-14,5.3
2021-01-15,5.39
2021-01-18,5.49
2021-01-19,5.53
2021-01-20,5.45
2021-01-21,5.64
2021-01-22,5.32
2021-01-25,5.08
2021-01-26,5.09
2021-01-27,4.96
2021-01-28,4.84
2021-01-29,4.69
2021-02-01,4.76
2021-02-02,4.61
2021-02-03,4.53
2021-02-04,4.56
2021-02-05,4.32
2021-02-08,4.38
2021-02-09,4.46
2021-02-10,4.39
2021-02-18,4.75
2021-02-19,4.95
2021-02-22,5.27
2021-02-23,5.07
2021-02-24,5.01
2021-02-25,5.07
2021-02-26,4.86
2021-03-01,5.06
2021-03-02,5.11
2021-03-03,5.27
2021-03-04,5.24
2021-03-05,5.07
2021-03-08,5.08
2021-03-09,5.0
2021-03-10,5.01
2021-03-11,5.2
2021-03-12,5.22
2021-03-15,5.29
2021-03-16,5.17
2021-03-17,5.25
2021-03-18,5.12
2021-03-19,5.03
2021-03-22,5.14
2021-03-23,4.91
2021-03-24,4.81
2021-03-25,4.85
2021-03-26,4.85
2021-03-29,5.05
2021-03-30,5.02
2021-03-31,5.04
2021-04-01,5.05
2021-04-02,4.96
2021-04-06,4.95
2021-04-07,4.97
2021-04-08,5.08
2021-04-09,5.11
2021-04-12,5.14
2021-04-13,4.96
2021-04-14,4.99
2021-04-15,5.11
2021-04-16,5.48
2021-04-19,5.6
2021-04-20,5.55
2021-04-21,5.64
2021-04-22,5.75
2021-04-23,5.62
2021-04-26,6.18
2021-04-27,6.2
2021-04-28,6.82
2021-04-29,6.8
2021-04-30,6.87
2021-05-06,7.18
2021-05-07,7.81
2021-05-10,8.44
2021-05-11,7.93
2021-05-12,8.02
2021-05-13,7.46
2021-05-14,7.35
2021-05-17,7.34
2021-05-18,7.31
2021-05-19,7.15
2021-05-20,7.04
2021-05-21,7.21
2021-05-24,7.04
2021-05-25,7.1
2021-05-26,6.99
2021-05-27,7.05
2021-05-28,6.98
2021-05-31,6.96
2021-06-01,7.34
2021-06-02,7.31
2021-06-03,7.67
2021-06-04,7.47
2021-06-07,7.73
2021-06-08,7.77
2021-06-09,8.55
2021-06-10,8.41
2021-06-11,8.31
2021-06-15,8.27
2021-06-16,8.11
2021-06-17,7.96
2021-06-18,7.77
2021-06-21,7.51
2021-06-22,7.5
2021-06-23,7.8
2021-06-24,7.84
2021-06-25,8.38
2021-06-28,7.56
2021-06-29,7.31
2021-06-30,7.26
2021-07-01,7.31
2021-07-02,7.25
2021-07-05,7.38
2021-07-06,7.35
2021-07-07,7.24
2021-07-08,7.09
2021-07-09,7.29
2021-07-12,7.47
2021-07-13,7.75
2021-07-14,7.67
2021-07-15,7.65
2021-07-16,7.88
2021-07-19,7.87
2021-07-20,7.92
2021-07-21,7.76
2021-07-22,7.88
2021-07-23,7.81
2021-07-26,7.74
2021-07-27,7.87
2021-07-28,7.8
2021-07-29,7.9
2021-07-30,7.97
2021-08-02,7.56
2021-08-03,7.28
2021-08-04,7.6
2021-08-05,7.61
2021-08-06,7.76
2021-08-09,7.85
2021-08-10,8.64
2021-08-11,9.5
2021-08-12,9.47
2021-08-13,9.34
2021-08-16,9.21
2021-08-17,8.81
2021-08-18,8.45
2021-08-19,8.13
2021-08-20,8.08
2021-08-23,8.34
2021-08-24,8.4
2021-08-25,8.96
2021-08-26,9.31
2021-08-27,9.66
2021-08-30,10.37
2021-08-31,11.41
2021-09-01,11.35
2021-09-02,12.49
2021-09-03,13.13
2021-09-06,12.91
2021-09-07,14.2
2021-09-08,14.64
2021-09-09,15.46
2021-09-10,14.45
2021-09-13,15.21
2021-09-14,14.21
2021-09-15,14.68
2021-09-16,14.74
2021-09-17,13.27
2021-09-22,14.03
2021-09-23,14.11
2021-09-24,13.24
2021-09-27,12.7
2021-09-28,12.99
2021-09-29,12.07
2021-09-30,12.39
2021-10-08,12.05
2021-10-11,12.4
2021-10-12,12.36
2021-10-13,11.75
2021-10-14,11.56
2021-10-15,11.91
2021-10-18,12.89
2021-10-19,13.0
2021-10-20,11.83
2021-10-21,12.21
2021-10-22,11.34
2021-10-25,11.77
2021-10-26,11.67
2021-10-27,11.35
2021-10-28,10.23
2021-10-29,10.73
2021-11-01,11.28
2021-11-02,10.49
2021-11-03,10.84
2021-11-04,10.58
2021-11-05,9.99
2021-11-08,9.95
2021-11-09,9.72
2021-11-10,9.33
2021-11-11,9.34
2021-11-12,9.23
2021-11-15,9.12
2021-11-16,8.84
2021-11-17,8.97
2021-11-18,8.96
2021-11-19,9.07
2021-11-22,9.08
2021-11-23,9.17
2021-11-24,9.28
2021-11-25,9.15
2021-11-26,8.94
2021-11-29,8.83
2021-11-30,8.71
2021-12-01,8.83
2021-12-02,8.73
2021-12-03,9.6
2021-12-06,9.81
2021-12-07,9.97
2021-12-08,9.99
2021-12-09,9.86
2021-12-10,9.69
2021-12-13,9.86
2021-12-14,9.52
2021-12-15,9.59
2021-12-16,10.1
2021-12-17,9.93
2021-12-20,9.55
2021-12-21,9.63
2021-12-22,9.71
2021-12-23,10.01
2021-12-24,10.1
2021-12-27,10.41
2021-12-28,9.9
2021-12-29,9.75
2021-12-30,9.66
2021-12-31,9.61
2022-01-04,9.8
2022-01-05,9.54
2022-01-06,9.46
2022-01-07,9.48
2022-01-10,9.82
2022-01-11,9.72
2022-01-12,9.73
2022-01-13,10.07
2022-01-14,9.65
2022-01-17,10.62
2022-01-18,11.67
2022-01-19,11.38
2022-01-20,11.29
2022-01-21,11.59
2022-01-24,11.34
2022-01-25,10.97
2022-01-26,10.73
2022-01-27,10.94
2022-01-28,10.52
2022-02-07,11.07
2022-02-08,12.18
2022-02-09,12.35
2022-02-10,12.68
2022-02-11,12.89
2022-02-14,12.67
2022-02-15,12.39
2022-02-16,12.97
2022-02-17,12.96
2022-02-18,13.77
2022-02-21,14.37
2022-02-22,14.69
2022-02-23,14.3
2022-02-24,14.21
2022-02-25,13.19
2022-02-28,13.37
2022-03-01,13.69
2022-03-02,13.65
2022-03-03,14.52
2022-03-04,14.95
2022-03-07,14.93
2022-03-08,13.81
2022-03-09,14.39
2022-03-10,14.39
2022-03-11,14.22
2022-03-14,13.23
2022-03-15,11.91
2022-03-16,12.25
2022-03-17,13.2
2022-03-18,14.23
2022-03-21,14.39
2022-03-22,15.09
2022-03-23,15.18
2022-03-24,16.2
2022-03-25,16.3
2022-03-28,16.63
2022-03-29,16.35
2022-03-30,15.41
2022-03-31,15.74
2022-04-01,15.64
2022-04-06,15.28
2022-04-07,16.27
2022-04-08,15.61
2022-04-11,14.4
2022-04-12,14.39
2022-04-13,15.03
2022-04-14,16.08
2022-04-15,14.72
2022-04-18,14.39
2022-04-19,14.82
2022-04-20,13.54
2022-04-21,13.08
2022-04-22,13.03
2022-04-25,11.74
2022-04-26,11.34
2022-04-27,12.09
2022-04-28,12.75
2022-04-29,12.39
2022-05-05,12.14
2022-05-06,12.25
2022-05-09,12.26
2022-05-10,12.01
2022-05-11,12.64
2022-05-12,12.07
2022-05-13,12.34
2022-05-16,12.71
2022-05-17,13.22
2022-05-18,13.49
2022-05-19,13.89
2022-05-20,14.81
2022-05-23,15.14
2022-05-24,14.4
2022-05-25,14.69
2022-05-26,15.66
2022-05-27,15.29
2022-05-30,15.04
2022-05-31,14.8
2022-06-01,15.13
2022-06-02,14.41
2022-06-06,15.31
2022-06-07,15.3
2022-06-08,16.31
2022-06-09,16.15
2022-06-10,16.42
2022-06-13,16.71
2022-06-14,17.72
2022-06-15,17.34
2022-06-16,16.72
2022-06-17,17.38
2022-06-20,15.69
2022-06-21,15.81
2022-06-22,15.91
2022-06-23,16.02
2022-06-24,15.44
2022-06-27,16.89
2022-06-28,17.22
2022-06-29,17.78
2022-06-30,17.75
2022-07-01,18.3
2022-07-04,17.69
2022-07-05,17.68
2022-07-06,15.92
2022-07-07,15.62
2022-07-08,15.39
2022-07-11,15.7
2022-07-12,15.25
2022-07-13,14.93
2022-07-14,14.56
2022-07-15,14.4
2022-07-18,15.09
2022-07-19,15.17
2022-07-20,14.97
2022-07-21,14.05
2022-07-22,14.0
2022-07-25,14.13
2022-07-26,14.37
2022-07-27,14.7
2022-07-28,14.91
2022-07-29,13.65
2022-08-01,14.07
2022-08-02,13.85
2022-08-03,13.56
2022-08-04,13.12
2022-08-05,13.15
2022-08-08,13.43
2022-08-09,14.47
2022-08-10,14.18
2022-08-11,14.29
2022-08-12,14.94
2022-08-15,15.53
2022-08-16,15.9
2022-08-17,15.72
2022-08-18,15.58
2022-08-19,15.74
2022-08-22,16.96
2022-08-23,17.57
2022-08-24,17.48
2022-08-25,19.23
2022-08-26,18.64
2022-08-29,18.74
2022-08-30,17.41
2022-08-31,16.6
2022-09-01,17.28
2022-09-02,17.15
2022-09-05,18.11
2022-09-06,18.24
2022-09-07,17.93
2022-09-08,17.82
2022-09-09,18.68
2022-09-13,18.13
2022-09-14,18.93
2022-09-15,19.74
2022-09-16,18.4
2022-09-19,18.4
2022-09-20,18.32
2022-09-21,18.43
2022-09-22,18.9
2022-09-23,17.82
2022-09-26,17.53
2022-09-27,17.33
2022-09-28,17.45
2022-09-29,18.18
2022-09-30,17.47
2022-10-10,17.74
2022-10-11,17.13
2022-10-12,16.72
2022-10-13,15.45
2022-10-14,15.39
2022-10-17,15.01
2022-10-18,14.91
2022-10-19,14.94
2022-10-20,14.35
2022-10-21,14.43
2022-10-24,14.09
2022-10-25,13.74
2022-10-26,13.48
2022-10-27,13.8
2022-10-28,14.22
2022-10-31,13.45
2022-11-01,13.51
2022-11-02,13.63
2022-11-03,13.23
2022-11-04,14.2
2022-11-07,14.54
2022-11-08,14.55
2022-11-09,14.07
2022-11-10,14.0
2022-11-11,14.37
2022-11-14,14.01
2022-11-15,13.95
2022-11-16,14.04
2022-11-17,13.37
2022-11-18,12.75
2022-11-21,12.68
2022-11-22,12.75
2022-11-23,13.05
2022-11-24,13.06
2022-11-25,13.27
2022-11-28,13.0
2022-11-29,13.39
2022-11-30,13.76
2022-12-01,13.58
2022-12-02,13.37
2022-12-05,13.61
2022-12-06,13.44
2022-12-07,13.17
2022-12-08,13.19
2022-12-09,13.22
2022-12-12,12.87
2022-12-13,12.96
2022-12-14,13.18
2022-12-15,12.94
2022-12-16,12.89
2022-12-19,12.51
2022-12-20,12.58
2022-12-21,12.48
2022-12-22,12.03
2022-12-23,12.03
2022-12-26,12.04
2022-12-27,12.28
2022-12-28,12.28
2022-12-29,11.98
2022-12-30,11.96
2023-01-03,12.08
2023-01-04,11.81
2023-01-05,11.93
2023-01-06,12.13
2023-01-09,12.13
2023-01-10,11.97
2023-01-11,12.68
2023-01-12,12.73
2023-01-13,12.67
2023-01-16,12.68
2023-01-17,12.51
2023-01-18,12.81
2023-01-19,12.88
2023-01-20,13.17
2023-01-30,12.86
2023-01-31,12.85
2023-02-01,12.84
2023-02-02,12.95
2023-02-03,12.65
2023-02-06,12.54
2023-02-07,12.71
2023-02-08,12.57
2023-02-09,12.65
2023-02-10,12.42
2023-02-13,12.3
2023-02-14,12.23
2023-02-15,12.11
2023-02-16,11.87
2023-02-17,12.06
2023-02-20,12.26
2023-02-21,12.58
2023-02-22,12.71
2023-02-23,12.73
2023-02-24,12.75
2023-02-27,12.93
2023-02-28,12.78
2023-03-01,12.84
2023-03-02,12.86
2023-03-03,12.81
2023-03-06,12.49
2023-03-07,12.52
2023-03-08,12.37
2023-03-09,12.38
2023-03-10,11.99
2023-03-13,12.11
2023-03-14,11.93
2023-03-15,11.93
2023-03-16,11.29
2023-03-17,11.42
2023-03-20,11.25
2023-03-21,11.29
2023-03-22,11.28
2023-03-23,11.23
2023-03-24,11.1
2023-03-27,11.23
2023-03-28,11.11
2023-03-29,10.9
2023-03-30,11.23
2023-03-31,11.19
2023-04-03,11.1
2023-04-04,11.05
2023-04-06,11.04
2023-04-07,11.05
2023-04-10,11.09
2023-04-11,11.03
2023-04-12,11.05
2023-04-13,11.01
2023-04-14,10.92
2023-04-17,11.17
2023-04-18,11.39
2023-04-19,11.36
2023-04-20,11.2
2023-04-21,11.0
2023-04-24,10.96
2023-04-25,10.76
2023-04-26,10.99
2023-04-27,11.05
2023-04-28,11.17
2023-05-04,10.11
2023-05-05,10.03
2023-05-08,10.4
2023-05-09,10.34
2023-05-10,10.31
2023-05-11,10.44
2023-05-12,10.27
2023-05-15,10.44
2023-05-16,10.39
2023-05-17,10.29
2023-05-18,10.39
2023-05-19,10.39
2023-05-22,10.2
2023-05-23,10.09
2023-05-24,9.96
2023-05-25,9.74
2023-05-26,9.53
2023-05-29,9.49
2023-05-30,9.5
2023-05-31,9.18
2023-06-01,9.19
2023-06-02,9.37
2023-06-05,9.29
2023-06-06,9.18
2023-06-07,9.09
2023-06-08,9.27
2023-06-09,9.18
2023-06-12,9.24
2023-06-13,9.16
2023-06-14,9.12
2023-06-15,9.19
2023-06-16,9.24
2023-06-19,9.12
2023-06-20,9.03
2023-06-21,8.87
2023-06-26,8.78
2023-06-27,9.12
2023-06-28,9.41
2023-06-29,9.2
2023-06-30,9.36
2023-07-03,9.64
2023-07-04,9.66
2023-07-05,9.71
2023-07-06,9.67
2023-07-07,9.8
2023-07-10,9.78
2023-07-11,9.64
2023-07-12,9.64
2023-07-13,9.68
2023-07-14,9.2
2023-07-17,9.06
2023-07-18,9.01
2023-07-19,9.03
2023-07-20,9.07
2023-07-21,9.0
2023-07-24,8.86
2023-07-25,9.09
2023-07-26,9.1
2023-07-27,9.02
2023-07-28,9.27
2023-07-31,9.25
2023-08-01,9.41
2023-08-02,9.31
2023-08-03,9.3
2023-08-04,9.18
2023-08-07,9.09
2023-08-08,9.12
2023-08-09,9.02
2023-08-10,9.22
2023-08-11,8.92
2023-08-14,8.87
2023-08-15,8.9
2023-08-16,8.88
2023-08-17,8.83
2023-08-18,8.77
2023-08-21,8.7
2023-08-22,8.77
2023-08-23,8.97
2023-08-24,8.78
2023-08-25,8.64
2023-08-28,9.2
2023-08-29,9.53
2023-08-30,9.57
2023-08-31,9.79
2023-09-01,10.38
2023-09-04,10.9
2023-09-05,10.92
2023-09-06,10.96
2023-09-07,11.1
2023-09-08,10.89
2023-09-11,11.04
2023-09-12,10.79
2023-09-13,11.09
2023-09-14,12.06
2023-09-15,11.8
2023-09-18,11.79
2023-09-19,11.72
2023-09-20,11.51
2023-09-21,11.41
2023-09-22,11.3
2023-09-25,11.24
2023-09-26,11.23
2023-09-27,11.1
2023-09-28,11.15
2023-10-09,11.32
2023-10-10,11.17
2023-10-11,10.97
2023-10-12,10.96
2023-10-13,11.22
2023-10-16,11.5
2023-10-17,11.82
2023-10-18,11.82
2023-10-19,11.75
2023-10-20,11.72
2023-10-23,11.8
2023-10-24,11.9
2023-10-25,11.98
2023-10-26,11.92
2023-10-27,11.59
2023-10-30,11.62
2023-10-31,11.78
2023-11-01,11.75
2023-11-02,11.68
2023-11-03,11.55
2023-11-06,11.22
2023-11-07,11.62
2023-11-08,11.66
2023-11-09,12.09
2023-11-10,12.21
2023-11-13,12.38
2023-11-14,12.44
2023-11-15,12.46
2023-11-16,12.65
2023-11-17,12.37
2023-11-20,12.3
2023-11-21,12.21
2023-11-22,12.12
2023-11-23,12.55
2023-11-24,12.57
2023-11-27,12.96
2023-11-28,12.75
2023-11-29,13.2
2023-11-30,13.19
2023-12-01,13.43
2023-12-04,13.94
2023-12-05,13.28
2023-12-06,13.35
2023-12-07,13.27
2023-12-08,13.01
2023-12-11,13.57
2023-12-12,13.74
2023-12-13,13.68
2023-12-14,13.73
2023-12-15,13.57
2023-12-18,13.6
2023-12-19,13.47
2023-12-20,13.35
2023-12-21,12.78
2023-12-22,12.84
2023-12-25,12.79
2023-12-26,12.5
2023-12-27,12.7
2023-12-28,12.14
2023-12-29,12.33
2024-01-02,12.9
2024-01-03,13.14
2024-01-04,13.07
2024-01-05,12.97
2024-01-08,12.88
2024-01-09,13.11
2024-01-10,12.94
2024-01-11,12.58
2024-01-12,12.57
2024-01-15,12.48
2024-01-16,12.55
2024-01-17,12.19
2024-01-18,12.02
2024-01-19,11.8
2024-01-22,11.42
2024-01-23,11.61
2024-01-24,11.8
2024-01-25,12.39
2024-01-26,12.62
2024-01-29,12.54
2024-01-30,12.12
2024-01-31,12.2
2024-02-01,11.9
2024-02-02,11.71
2024-02-05,11.53
2024-02-06,11.57
2024-02-07,12.11
2024-02-08,12.73
2024-02-19,13.09
2024-02-20,13.46
2024-02-21,13.38
2024-02-22,14.35
2024-02-23,13.9
2024-02-26,13.76
2024-02-27,13.88
2024-02-28,13.44
2024-02-29,13.3
2024-03-01,14.26
2024-03-04,15.69
2024-03-05,15.8
2024-03-06,16.38
2024-03-07,16.23
2024-03-08,16.41
2024-03-11,15.67
2024-03-12,15.26
2024-03-13,15.34
2024-03-14,15.55
2024-03-15,15.27
2024-03-18,15.25
2024-03-19,15.48
2024-03-20,15.31
2024-03-21,15.21
2024-03-22,15.46
2024-03-25,15.43
2024-03-26,14.64
2024-03-27,14.61
2024-03-28,14.61
2024-03-29,15.39
2024-04-01,15.35
2024-04-02,16.1
2024-04-03,16.27
2024-04-08,16.62
2024-04-09,16.27
2024-04-10,16.49
2024-04-11,16.5
2024-04-12,16.66
2024-04-15,17.44
2024-04-16,17.02
2024-04-17,17.19
2024-04-18,16.8
2024-04-19,16.45
2024-04-22,15.62
2024-04-23,14.8
2024-04-24,14.7
2024-04-25,15.03
2024-04-26,14.94
2024-04-29,15.41
2024-04-30,15.89
2024-05-06,15.87
2024-05-07,16.22
2024-05-08,17.84
2024-05-09,17.41
2024-05-10,17.57
2024-05-13,17.6
2024-05-14,17.02
2024-05-15,17.64
2024-05-16,17.16
2024-05-17,17.17
2024-05-20,18.1
2024-05-21,17.94
2024-05-22,17.69
2024-05-23,17.49
2024-05-24,17.8
2024-05-27,19.11
2024-05-28,19.17
2024-05-29,19.18
2024-05-30,18.43
2024-05-31,18.42
2024-06-03,18.56
2024-06-04,18.5
2024-06-05,18.41
2024-06-06,18.8
2024-06-07,18.79
2024-06-11,18.5
2024-06-12,19.54
2024-06-13,19.3
2024-06-14,19.17
2024-06-17,17.9
2024-06-18,17.85
2024-06-19,17.74
2024-06-20,18.49
2024-06-21,18.16
2024-06-24,17.46
2024-06-25,17.55
2024-06-26,17.35
2024-06-27,16.34
2024-06-28,16.52
2024-07-01,17.58
2024-07-02,17.39
2024-07-03,16.93
2024-07-04,16.78
2024-07-05,16.91
2024-07-08,16.78
2024-07-09,16.55
2024-07-10,16.06
2024-07-11,16.15
2024-07-12,15.6
2024-07-15,16.0
2024-07-16,16.04
2024-07-17,15.62
2024-07-18,15.54
2024-07-19,15.43
2024-07-22,15.41
2024-07-23,14.81
2024-07-24,14.76
2024-07-25,14.47
2024-07-26,14.78
2024-07-29,14.54
2024-07-30,14.28
2024-07-31,15.0
2024-08-01,14.99
2024-08-02,14.77
2024-08-05,14.3
2024-08-06,14.86
2024-08-07,15.05
2024-08-08,14.72
2024-08-09,14.85
2024-08-12,14.92
2024-08-13,15.0
2024-08-14,14.77
2024-08-15,15.09
2024-08-16,15.35
2024-08-19,15.58
2024-08-20,14.6
2024-08-21,14.29
2024-08-22,13.88
2024-08-23,13.78
2024-08-26,13.69
2024-08-27,14.0
2024-08-28,14.22
2024-08-29,14.01
2024-08-30,14.34
2024-09-02,14.66
2024-09-03,14.5
2024-09-04,14.06
2024-09-05,13.83
2024-09-06,13.83
2024-09-09,13.66
2024-09-10,13.88
2024-09-11,13.35
2024-09-12,13.42
2024-09-13,13.52
2024-09-18,14.18
2024-09-19,14.2
2024-09-20,14.37
2024-09-23,14.59
2024-09-24,15.47
2024-09-25,15.27
2024-09-26,15.85
2024-09-27,16.1
2024-09-30,17.05
2024-10-08,16.72
2024-10-09,15.38
2024-10-10,16.38
2024-10-11,16.0
2024-10-14,16.83
2024-10-15,16.28
2024-10-16,16.31
2024-10-17,16.09
2024-10-18,16.33
2024-10-21,16.58
2024-10-22,16.67
2024-10-23,16.54
2024-10-24,16.26
2024-10-25,15.94
2024-10-28,15.93
2024-10-29,15.45
2024-10-30,15.07
2024-10-31,14.83
2024-11-01,15.39
2024-11-04,15.3
2024-11-05,15.34
2024-11-06,15.0
2024-11-07,15.31
2024-11-08,15.06
2024-11-11,14.77
2024-11-12,14.6
2024-11-13,14.73
2024-11-14,14.67
2024-11-15,14.77
2024-11-18,14.87
2024-11-19,14.66
2024-11-20,14.67
2024-11-21,14.63
2024-11-22,14.12
2024-11-25,14.17
2024-11-26,13.97
2024-11-27,14.07
2024-11-28,13.82
2024-11-29,14.07
2024-12-02,14.2
2024-12-03,14.2
2024-12-04,14.55
2024-12-05,14.53
2024-12-06,14.87
2024-12-09,14.66
2024-12-10,14.5
2024-12-11,14.65
2024-12-12,14.44
2024-12-13,14.02
2024-12-16,14.13
2024-12-17,13.96
2024-12-18,13.84
2024-12-19,13.52
2024-12-20,13.33
2024-12-23,13.08
2024-12-24,13.21
2024-12-25,13.28
2024-12-26,13.14
2024-12-27,13.23
2024-12-30,13.68
2024-12-31,13.67
2025-01-02,13.38
2025-01-03,13.4
2025-01-06,13.36
2025-01-07,13.18
2025-01-08,13.14
2025-01-09,12.81
2025-01-10,12.55
2025-01-13,12.58
2025-01-14,12.81
2025-01-15,12.79
2025-01-16,13.73
2025-01-17,13.61
2025-01-20,13.38
2025-01-21,13.19
2025-01-22,12.67
2025-01-23,12.8
2025-01-24,12.97
2025-01-27,13.06
2025-02-05,12.64
2025-02-06,12.72
2025-02-07,12.84
2025-02-10,12.88
2025-02-11,12.75
2025-02-12,12.6
2025-02-13,12.67
2025-02-14,12.74
2025-02-17,12.41
2025-02-18,12.28
2025-02-19,12.03
2025-02-20,11.94
2025-02-21,11.86
2025-02-24,11.85
2025-02-25,11.72
2025-02-26,11.76
2025-02-27,11.65
2025-02-28,11.53
2025-03-03,11.53
2025-03-04,11.32
2025-03-05,11.2
2025-03-06,11.29
2025-03-07,11.5
2025-03-10,11.67
2025-03-11,11.7
2025-03-12,11.64
2025-03-13,12.45
2025-03-14,12.31
2025-03-17,12.39
2025-03-18,12.32
2025-03-19,12.28
2025-03-20,12.49
2025-03-21,12.38
2025-03-24,12.38
2025-03-25,12.55
2025-03-26,12.58
2025-03-27,12.25
2025-03-28,12.01
2025-03-31,11.89
2025-04-01,12.14
2025-04-02,12.13
2025-04-03,12.1
2025-04-07,10.89
2025-04-08,11.4
2025-04-09,11.24
2025-04-10,11.35
2025-04-11,11.34
2025-04-14,11.83
2025-04-15,11.76
2025-04-16,11.78
2025-04-17,11.68
2025-04-18,11.63
2025-04-21,11.67
2025-04-22,11.66
2025-04-23,11.5
2025-04-24,11.63
2025-04-25,11.47
2025-04-28,11.16
2025-04-29,11.13
2025-04-30,11.07
2025-05-06,11.24
2025-05-07,11.28
2025-05-08,11.26
2025-05-09,11.25
2025-05-12,11.37
2025-05-13,11.34
2025-05-14,11.74
2025-05-15,11.85
2025-05-16,11.73
2025-05-19,11.75
2025-05-20,11.65
2025-05-21,12.33
2025-05-22,12.18
2025-05-23,12.34
2025-05-26,12.1
2025-05-27,11.92
2025-05-28,12.38
2025-05-29,12.31
2025-05-30,12.15
2025-06-03,11.98
2025-06-04,12.19
2025-06-05,11.96
2025-06-06,12.06
2025-06-09,12.19
2025-06-10,12.09
2025-06-11,12.15
2025-06-12,12.01
2025-06-13,11.95
2025-06-16,12.0
2025-06-17,12.04
2025-06-18,11.96
2025-06-19,11.59
2025-06-20,11.65
2025-06-23,11.96
2025-06-24,11.95
2025-06-25,11.88
2025-06-26,11.83
2025-06-27,11.94
2025-06-30,12.22
2025-07-01,12.11
2025-07-02,12.54
2025-07-03,12.43
2025-07-04,12.39
2025-07-07,12.55
2025-07-08,12.45
2025-07-09,12.37
2025-07-10,12.77
2025-07-11,12.76
2025-07-14,12.68
2025-07-15,12.4
2025-07-16,12.31
2025-07-17,12.49
2025-07-18,12.69
2025-07-21,13.02
2025-07-22,14.32
2025-07-23,14.89
2025-07-24,15.41
2025-07-25,15.08
2025-07-28,14.64
2025-07-29,14.87
2025-07-30,14.41
2025-07-31,13.06
2025-08-01,13.28
2025-08-04,13.36
2025-08-05,13.6
2025-08-06,14.5
2025-08-07,14.36
2025-08-08,14.18
2025-08-11,14.1
2025-08-12,14.5
2025-08-13,14.18
2025-08-14,13.88
2025-08-15,14.1
2025-08-18,13.73
2025-08-19,13.54
2025-08-20,13.56
2025-08-21,13.94
2025-08-22,14.03
2025-08-25,14.09
2025-08-26,13.91
2025-08-27,13.24
2025-08-28,13.34
2025-08-29,13.24
2025-09-01,13.3
2025-09-02,12.96
2025-09-03,12.57
2025-09-04,12.74
2025-09-05,12.82
2025-09-08,12.85
2025-09-09,12.88
2025-09-10,12.68
2025-09-11,12.72
2025-09-12,13.16
2025-09-15,13.11
2025-09-16,13.37
2025-09-17,14.11
2025-09-18,13.55
2025-09-19,14.3
2025-09-22,14.1
2025-09-23,14.66
2025-09-24,14.65
2025-09-25,14.37
2025-09-26,14.2
2025-09-29,13.98
2025-09-30,13.76
2025-10-09,14.39
2025-10-10,14.91
2025-10-13,14.92
2025-10-14,15.49
2025-10-15,15.43
2025-10-16,15.61
2025-10-17,15.17
2025-10-20,16.28
2025-10-21,15.8
2025-10-22,15.39
2025-10-23,15.41
2025-10-24,15.43
2025-10-27,15.12
2025-10-28,14.78
2025-10-29,14.95
2025-10-30,15.0
2025-10-31,15.04
2025-11-03,15.74
2025-11-04,15.53
2025-11-05,16.05
2025-11-06,16.25
2025-11-07,16.56
2025-11-10,16.56
2025-11-11,16.11
2025-11-12,16.01
2025-11-13,16.46
2025-11-14,15.89
2025-11-17,16.05
2025-11-18,15.21
2025-11-19,15.38
2025-11-20,14.95
2025-11-21,14.19
2025-11-24,13.8
2025-11-25,13.97
2025-11-26,13.8
2025-11-27,14.03
2025-11-28,14.2
2025-12-01,14.62
2025-12-02,14.6
2025-12-03,14.47
2025-12-04,14.62
2025-12-05,14.38
2025-12-08,14.12
2025-12-09,14.31
2025-12-10,14.44
2025-12-11,14.5
2025-12-12,14.3
2025-12-15,14.45
2025-12-16,14.16
2025-12-17,13.86
2025-12-18,14.09
2025-12-19,13.96
2025-12-22,13.86
2025-12-23,13.66
2025-12-24,13.4
2025-12-25,13.27
2025-12-26,13.35
2025-12-29,13.56
2025-12-30,13.43
2025-12-31,13.15
2026-01-05,13.42
2026-01-06,13.59
2026-01-07,14.5
2026-01-08,14.51
2026-01-09,14.5
2026-01-12,14.5
2026-01-13,14.44
2026-01-14,14.21
2026-01-15,14.26
2026-01-16,14.1
2026-01-19,14.17
2026-01-20,14.51
2026-01-21,14.57
2026-01-22,14.91
2026-01-23,14.66
2026-01-26,15.0
2026-01-27,14.52
2026-01-28,15.65
2026-01-29,15.41
2026-01-30,15.26
2026-02-02,14.31
2026-02-03,14.42
2026-02-04,15.86
2026-02-05,15.71
2026-02-06,15.67
2026-02-09,15.53
2026-02-10,15.78
2026-02-11,16.08
2026-02-12,16.19
2026-02-13,16.29
2026-02-24,16.48
2026-02-25,16.54
2026-02-26,16.46
2026-02-27,16.95
2026-03-02,16.98
2026-03-03,17.0
2026-03-04,17.29
2026-03-05,17.14
2026-03-06,16.94
2026-03-09,17.62
2026-03-10,17.08
2026-03-11,17.2
2026-03-12,18.64
2026-03-13,18.15
2026-03-16,17.43
2026-03-17,17.0
2026-03-18,17.21
2026-03-19,17.7
2026-03-20,17.89
2026-03-23,17.85
2026-03-24,17.5
2026-03-25,16.79
2026-03-26,16.68
2026-03-27,16.72
